This is pdfTeX, Version 3.141592653-2.6-1.40.29 (MiKTeX 26.5) (preloaded format=pdflatex 2026.7.9)  28 JUL 2026 18:35
entering extended mode
 restricted \write18 enabled.
 file:line:error style messages enabled.
 %&-line parsing enabled.
**G:/work/Journal2LaTeX/backend/temp/07caaddf-7874-4f26-9a87-138693dc2d74/rende
red/main.tex

(G:/work/Journal2LaTeX/backend/temp/07caaddf-7874-4f26-9a87-138693dc2d74/render
ed/main.tex
LaTeX2e <2026-06-01>
L3 programming layer <2026-06-18>
(C:\Users\asus\AppData\Local\Programs\MiKTeX\tex/latex/xcolor\xcolor.sty
Package: xcolor 2024/09/29 v3.02 LaTeX color extensions (UK)

(C:\Users\asus\AppData\Local\Programs\MiKTeX\tex/latex/graphics-cfg\color.cfg
File: color.cfg 2016/01/02 v1.6 sample color configuration
)
Package xcolor Info: Driver file: pdftex.def on input line 274.

(C:\Users\asus\AppData\Local\Programs\MiKTeX\tex/latex/graphics-def\pdftex.def
File: pdftex.def 2025/09/29 v1.2d Graphics/color driver for pdftex
) (C:\Users\asus\AppData\Local\Programs\MiKTeX\tex/latex/graphics\mathcolor.ltx
)
Package xcolor Info: Model `cmy' substituted by `cmy0' on input line 1349.
Package xcolor Info: Model `hsb' substituted by `rgb' on input line 1353.
Package xcolor Info: Model `RGB' extended on input line 1365.
Package xcolor Info: Model `HTML' substituted by `rgb' on input line 1367.
Package xcolor Info: Model `Hsb' substituted by `hsb' on input line 1368.
Package xcolor Info: Model `tHsb' substituted by `hsb' on input line 1369.
Package xcolor Info: Model `HSB' substituted by `hsb' on input line 1370.
Package xcolor Info: Model `Gray' substituted by `gray' on input line 1371.
Package xcolor Info: Model `wave' substituted by `hsb' on input line 1372.
) (C:\Users\asus\AppData\Local\Programs\MiKTeX\tex/latex/graphics\dvipsnam.def
File: dvipsnam.def 2026-05-17 v3.0m Driver-dependent file (DPC,SPQR)
) (C:\Users\asus\AppData\Local\Programs\MiKTeX\tex/latex/xcolor\svgnam.def
File: svgnam.def 2024/09/29 v3.02 Predefined colors according to SVG 1.1 (UK)
)
(C:\Users\asus\AppData\Local\Programs\MiKTeX\tex/latex/xcolor\x11nam.def
File: x11nam.def 2024/09/29 v3.02 Predefined colors according to Unix/X11 (UK)
)
(C:\Users\asus\AppData\Local\Programs\MiKTeX\tex/latex/colortbl\colortbl.sty
Package: colortbl 2026/05/01 v1.0l Color table columns (DPC)

(C:\Users\asus\AppData\Local\Programs\MiKTeX\tex/latex/tools\array.sty
Package: array 2026/02/24 v2.7b Tabular extension package (FMi)
\col@sep=\dimen150
\ar@mcellbox=\box53
\extrarowheight=\dimen151
\NC@list=\toks17
\extratabsurround=\skip49
\backup@length=\skip50
\ar@cellbox=\box54
)
new hooks used!!
\minrowclearance=\skip51
\rownum=\count276
) (NSP1.cls

LaTeX Warning: You have requested document class `NSP1',
               but the document class provides `NSP'.

Document Class: NSP 2012/01/01
(C:\Users\asus\AppData\Local\Programs\MiKTeX\tex/latex/base\fleqn.clo
File: fleqn.clo 2016/12/29 v1.2b Standard LaTeX option (flush left equations)
\mathindent=\skip52
Applying: [2015/01/01] Make \[ robust on input line 50.
LaTeX Info: Redefining \[ on input line 51.
Already applied: [0000/00/00] Make \[ robust on input line 62.
Applying: [2015/01/01] Make \] robust on input line 74.
LaTeX Info: Redefining \] on input line 75.
Already applied: [0000/00/00] Make \] robust on input line 83.
)
(C:\Users\asus\AppData\Local\Programs\MiKTeX\tex/latex/graphics\graphicx.sty
Package: graphicx 2026-05-17 v1.2e Enhanced LaTeX Graphics (DPC,SPQR)

(C:\Users\asus\AppData\Local\Programs\MiKTeX\tex/latex/graphics\keyval.sty
Package: keyval 2026-05-17 v1.15 key=value parser (DPC)
\KV@toks@=\toks18
)
(C:\Users\asus\AppData\Local\Programs\MiKTeX\tex/latex/graphics\graphics.sty
Package: graphics 2026-05-17 v1.4h Standard LaTeX Graphics (DPC,SPQR)

(C:\Users\asus\AppData\Local\Programs\MiKTeX\tex/latex/graphics\trig.sty
Package: trig 2023/12/02 v1.11 sin cos tan (DPC)
)
(C:\Users\asus\AppData\Local\Programs\MiKTeX\tex/latex/graphics-cfg\graphics.cf
g
File: graphics.cfg 2016/06/04 v1.11 sample graphics configuration
)
Package graphics Info: Driver file: pdftex.def on input line 106.
)
\Gin@req@height=\dimen152
\Gin@req@width=\dimen153
)
(C:\Users\asus\AppData\Local\Programs\MiKTeX\tex/latex/lastpage\lastpage.sty
Package: lastpage 2025/08/14 v2.1h lastpage: 2.09 or 2e? (HMM)

(C:\Users\asus\AppData\Local\Programs\MiKTeX\tex/latex/lastpage\lastpage2e.sty
Package: lastpage2e 2025/08/14 v2.1h Decide which 2e lastpage version to use (H
MM)

(C:\Users\asus\AppData\Local\Programs\MiKTeX\tex/latex/lastpage\lastpagemodern.
sty
Package: lastpagemodern 2025-08-14 v2.1h Refers to last page's name (HMM; JPG)
\c@lastpagecount=\count277
) 
)) (C:\Users\asus\AppData\Local\Programs\MiKTeX\tex/latex/hyperref\hyperref.sty
Package: hyperref 2026-06-17 v7.01r Hypertext links for LaTeX
(C:\Users\asus\AppData\Local\Programs\MiKTeX\tex/generic/iftex\iftex.sty
Package: iftex 2024/12/12 v1.0g TeX engine tests
)
(C:\Users\asus\AppData\Local\Programs\MiKTeX\tex/latex/kvsetkeys\kvsetkeys.sty
Package: kvsetkeys 2022-10-05 v1.19 Key value parser (HO)
)
(C:\Users\asus\AppData\Local\Programs\MiKTeX\tex/generic/kvdefinekeys\kvdefinek
eys.sty
Package: kvdefinekeys 2019-12-19 v1.6 Define keys (HO)
)
(C:\Users\asus\AppData\Local\Programs\MiKTeX\tex/generic/pdfescape\pdfescape.st
y
Package: pdfescape 2019/12/09 v1.15 Implements pdfTeX's escape features (HO)
 (C:\Users\asus\AppData\Local\Programs\MiKTeX\tex/generic/ltxcmds\ltxcmds.sty
Package: ltxcmds 2023-12-04 v1.26 LaTeX kernel commands for general use (HO)
)
(C:\Users\asus\AppData\Local\Programs\MiKTeX\tex/generic/pdftexcmds\pdftexcmds.
sty
Package: pdftexcmds 2020-06-27 v0.33 Utility functions of pdfTeX for LuaTeX (HO
)

(C:\Users\asus\AppData\Local\Programs\MiKTeX\tex/generic/infwarerr\infwarerr.st
y
Package: infwarerr 2019/12/03 v1.5 Providing info/warning/error messages (HO)
)
Package pdftexcmds Info: \pdf@primitive is available.
Package pdftexcmds Info: \pdf@ifprimitive is available.
Package pdftexcmds Info: \pdfdraftmode found.
)) (C:\Users\asus\AppData\Local\Programs\MiKTeX\tex/latex/hycolor\hycolor.sty
Package: hycolor 2020-01-27 v1.10 Color options for hyperref/bookmark (HO)
) (C:\Users\asus\AppData\Local\Programs\MiKTeX\tex/latex/hyperref\nameref.sty
Package: nameref 2026-01-29 v2.58 Cross-referencing by name of section

(C:\Users\asus\AppData\Local\Programs\MiKTeX\tex/latex/refcount\refcount.sty
Package: refcount 2019/12/15 v3.6 Data extraction from label references (HO)
)
(C:\Users\asus\AppData\Local\Programs\MiKTeX\tex/generic/gettitlestring\gettitl
estring.sty
Package: gettitlestring 2019/12/15 v1.6 Cleanup title references (HO)

(C:\Users\asus\AppData\Local\Programs\MiKTeX\tex/latex/kvoptions\kvoptions.sty
Package: kvoptions 2022-06-15 v3.15 Key value format for package options (HO)
))
\c@section@level=\count278
) (C:\Users\asus\AppData\Local\Programs\MiKTeX\tex/latex/etoolbox\etoolbox.sty
Package: etoolbox 2025/10/02 v2.5m e-TeX tools for LaTeX (JAW)
\etb@tempcnta=\count279
)
(C:\Users\asus\AppData\Local\Programs\MiKTeX\tex/generic/stringenc\stringenc.st
y
Package: stringenc 2019/11/29 v1.12 Convert strings between diff. encodings (HO
)
)
\@linkdim=\dimen154
\Hy@linkcounter=\count280
\Hy@pagecounter=\count281
 (C:\Users\asus\AppData\Local\Programs\MiKTeX\tex/latex/hyperref\pd1enc.def
File: pd1enc.def 2026-06-17 v7.01r Hyperref: PDFDocEncoding definition (HO)
Now handling font encoding PD1 ...
... no UTF-8 mapping file for font encoding PD1
)
(C:\Users\asus\AppData\Local\Programs\MiKTeX\tex/generic/intcalc\intcalc.sty
Package: intcalc 2019/12/15 v1.3 Expandable calculations with integers (HO)
)
\Hy@SavedSpaceFactor=\count282

(C:\Users\asus\AppData\Local\Programs\MiKTeX\tex/latex/hyperref\puenc.def
File: puenc.def 2026-06-17 v7.01r Hyperref: PDF Unicode definition (HO)
Now handling font encoding PU ...
... no UTF-8 mapping file for font encoding PU
)
Package hyperref Info: Option `colorlinks' set `true' on input line 4070.
Package hyperref Info: Hyper figures OFF on input line 4199.
Package hyperref Info: Link nesting OFF on input line 4204.
Package hyperref Info: Hyper index ON on input line 4207.
Package hyperref Info: Plain pages OFF on input line 4214.
Package hyperref Info: Backreferencing OFF on input line 4219.
Package hyperref Info: Implicit mode ON; LaTeX internals redefined.
Package hyperref Info: Bookmarks ON on input line 4466.
\c@Hy@tempcnt=\count283

(C:\Users\asus\AppData\Local\Programs\MiKTeX\tex/latex/url\url.sty
\Urlmuskip=\muskip17
Package: url 2013/09/16  ver 3.4  Verb mode for urls, etc.
)
LaTeX Info: Redefining \url on input line 4805.
\XeTeXLinkMargin=\dimen155

(C:\Users\asus\AppData\Local\Programs\MiKTeX\tex/generic/bitset\bitset.sty
Package: bitset 2019/12/09 v1.3 Handle bit-vector datatype (HO)

(C:\Users\asus\AppData\Local\Programs\MiKTeX\tex/generic/bigintcalc\bigintcalc.
sty
Package: bigintcalc 2019/12/15 v1.5 Expandable calculations on big integers (HO
)
))
\Fld@menulength=\count284
\Field@Width=\dimen156
\Fld@charsize=\dimen157
Package hyperref Info: Hyper figures OFF on input line 6091.
Package hyperref Info: Link nesting OFF on input line 6096.
Package hyperref Info: Hyper index ON on input line 6099.
Package hyperref Info: backreferencing OFF on input line 6106.
Package hyperref Info: Link coloring ON on input line 6109.
Package hyperref Info: Link coloring with OCG OFF on input line 6116.
Package hyperref Info: PDF/A mode OFF on input line 6121.


Package hyperref Warning: Option `pdfpagelabels' is turned off
(hyperref)                because \thepage is undefined.

\c@Item=\count285
\c@Hfootnote=\count286
)
Package hyperref Info: Driver (autodetected): hpdftex.
 (C:\Users\asus\AppData\Local\Programs\MiKTeX\tex/latex/hyperref\hpdftex.def
File: hpdftex.def 2026-06-17 v7.01r Hyperref driver for pdfTeX
\Fld@listcount=\count287
\c@bookmark@seq@number=\count288

(C:\Users\asus\AppData\Local\Programs\MiKTeX\tex/latex/rerunfilecheck\rerunfile
check.sty
Package: rerunfilecheck 2025-06-21 v1.11 Rerun checks for auxiliary files (HO)

(C:\Users\asus\AppData\Local\Programs\MiKTeX\tex/generic/uniquecounter\uniqueco
unter.sty
Package: uniquecounter 2019/12/15 v1.4 Provide unlimited unique counter (HO)
)
Package uniquecounter Info: New unique counter `rerunfilecheck' on input line 2
84.
)
\Hy@SectionHShift=\skip53
)
LaTeX Font Info:    Redeclaring math symbol \Gamma on input line 86.
LaTeX Font Info:    Redeclaring math symbol \Delta on input line 87.
LaTeX Font Info:    Redeclaring math symbol \Theta on input line 88.
LaTeX Font Info:    Redeclaring math symbol \Lambda on input line 89.
LaTeX Font Info:    Redeclaring math symbol \Xi on input line 90.
LaTeX Font Info:    Redeclaring math symbol \Pi on input line 91.
LaTeX Font Info:    Redeclaring math symbol \Sigma on input line 92.
LaTeX Font Info:    Redeclaring math symbol \Upsilon on input line 93.
LaTeX Font Info:    Redeclaring math symbol \Phi on input line 94.
LaTeX Font Info:    Redeclaring math symbol \Psi on input line 95.
LaTeX Font Info:    Redeclaring math symbol \Omega on input line 96.
\logodepth=\dimen158
\headerboxheight=\dimen159
\betweenumberspace=\dimen160
\aftertext=\dimen161
\headlineindent=\dimen162
\c@inst=\count289
\c@auth=\count290
\instindent=\dimen163
\authrun=\box55
\authorrunning=\toks19
\titrun=\box56
\titlerunning=\toks20
\combirun=\box57
\c@lastpage=\count291
\c@section=\count292
\c@subsection=\count293
\c@subsubsection=\count294
\c@paragraph=\count295
\c@subparagraph=\count296
\c@theorem=\count297
\c@case=\count298
\c@conjecture=\count299
\c@corollary=\count300
\c@definition=\count301
\c@example=\count302
\c@exercise=\count303
\c@lemma=\count304
\c@note=\count305
\c@problem=\count306
\c@property=\count307
\c@proposition=\count308
\c@question=\count309
\c@solution=\count310
\c@remark=\count311
\c@figure=\count312
\c@table=\count313
\abovecaptionskip=\skip54
\belowcaptionskip=\skip55
\figcapgap=\dimen164
\tabcapgap=\dimen165
\figgap=\dimen166
\bibindent=\dimen167
\@tempcntc=\count314
)
(C:\Users\asus\AppData\Local\Programs\MiKTeX\tex/latex/floatflt\floatflt.sty
Package: floatflt 1997/07/16 v. 1.31
\c@OptionTest=\count315
\figbox=\box58
\tabbox=\box59
\pagebox=\box60
\ffigcount=\count316
\ftabcount=\count317
\fftest=\count318
\hangcount=\count319
\nosuccesstryfig=\count320
\nosuccesstrytab=\count321
\figgutter=\dimen168
\tabgutter=\dimen169
\htdone=\dimen170
\pageht=\dimen171
\startpageht=\dimen172
\tabbredd=\dimen173
\floatfltwidth=\dimen174
\fltitemwidth=\dimen175
\outputpretest=\toks21
)
(C:\Users\asus\AppData\Local\Programs\MiKTeX\tex/latex/psnfss\helvet.sty
Package: helvet 2020/03/25 PSNFSS-v9.3 (WaS) 
)
(C:\Users\asus\AppData\Local\Programs\MiKTeX\tex/latex/psnfss\times.sty
Package: times 2020/03/25 PSNFSS-v9.3 (SPQR) 
)
(psfig.sty
\@unused=\write3
\ps@stream=\read2
\p@intvaluex=\dimen176
\p@intvaluey=\dimen177

psfig/tex 1.10-dvips
) (C:\Users\asus\AppData\Local\Programs\MiKTeX\tex/latex/psnfss\mathptmx.sty
Package: mathptmx 2020/03/25 PSNFSS-v9.3 Times w/ Math, improved (SPQR, WaS) 
LaTeX Font Info:    Redeclaring symbol font `operators' on input line 28.
LaTeX Font Info:    Overwriting symbol font `operators' in version `normal'
(Font)                  OT1/cmr/m/n --> OT1/ztmcm/m/n on input line 28.
LaTeX Font Info:    Overwriting symbol font `operators' in version `bold'
(Font)                  OT1/cmr/bx/n --> OT1/ztmcm/m/n on input line 28.
LaTeX Font Info:    Redeclaring symbol font `letters' on input line 29.
LaTeX Font Info:    Overwriting symbol font `letters' in version `normal'
(Font)                  OML/cmm/m/it --> OML/ztmcm/m/it on input line 29.
LaTeX Font Info:    Overwriting symbol font `letters' in version `bold'
(Font)                  OML/cmm/b/it --> OML/ztmcm/m/it on input line 29.
LaTeX Font Info:    Redeclaring symbol font `symbols' on input line 30.
LaTeX Font Info:    Overwriting symbol font `symbols' in version `normal'
(Font)                  OMS/cmsy/m/n --> OMS/ztmcm/m/n on input line 30.
LaTeX Font Info:    Overwriting symbol font `symbols' in version `bold'
(Font)                  OMS/cmsy/b/n --> OMS/ztmcm/m/n on input line 30.
LaTeX Font Info:    Redeclaring symbol font `largesymbols' on input line 31.
LaTeX Font Info:    Overwriting symbol font `largesymbols' in version `normal'
(Font)                  OMX/cmex/m/n --> OMX/ztmcm/m/n on input line 31.
LaTeX Font Info:    Overwriting symbol font `largesymbols' in version `bold'
(Font)                  OMX/cmex/m/n --> OMX/ztmcm/m/n on input line 31.
\symbold=\mathgroup4
\symitalic=\mathgroup5
LaTeX Font Info:    Redeclaring math alphabet \mathbf on input line 34.
LaTeX Font Info:    Overwriting math alphabet `\mathbf' in version `normal'
(Font)                  OT1/cmr/bx/n --> OT1/ptm/bx/n on input line 34.
LaTeX Font Info:    Overwriting math alphabet `\mathbf' in version `bold'
(Font)                  OT1/cmr/bx/n --> OT1/ptm/bx/n on input line 34.
LaTeX Font Info:    Redeclaring math alphabet \mathit on input line 35.
LaTeX Font Info:    Overwriting math alphabet `\mathit' in version `normal'
(Font)                  OT1/cmr/m/it --> OT1/ptm/m/it on input line 35.
LaTeX Font Info:    Overwriting math alphabet `\mathit' in version `bold'
(Font)                  OT1/cmr/bx/it --> OT1/ptm/m/it on input line 35.
LaTeX Info: Redefining \hbar on input line 50.
)
(C:\Users\asus\AppData\Local\Programs\MiKTeX\tex/latex/amsmath\amsmath.sty
Package: amsmath 2026/05/19 v2.18d AMS math features
\@mathmargin=\skip56

For additional information on amsmath, use the `?' option.
(C:\Users\asus\AppData\Local\Programs\MiKTeX\tex/latex/amsmath\amstext.sty
Package: amstext 2024/11/17 v2.01 AMS text

(C:\Users\asus\AppData\Local\Programs\MiKTeX\tex/latex/amsmath\amsgen.sty
File: amsgen.sty 1999/11/30 v2.0 generic functions
\@emptytoks=\toks22
\ex@=\dimen178
))
(C:\Users\asus\AppData\Local\Programs\MiKTeX\tex/latex/amsmath\amsbsy.sty
Package: amsbsy 1999/11/29 v1.2d Bold Symbols
\pmbraise@=\dimen179
)
(C:\Users\asus\AppData\Local\Programs\MiKTeX\tex/latex/amsmath\amsopn.sty
Package: amsopn 2022/04/08 v2.04 operator names
)
\inf@bad=\count322
LaTeX Info: Redefining \frac on input line 233.
\uproot@=\count323
\leftroot@=\count324
LaTeX Info: Redefining \overline on input line 398.
LaTeX Info: Redefining \colon on input line 409.
\classnum@=\count325
\DOTSCASE@=\count326
LaTeX Info: Redefining \ldots on input line 495.
LaTeX Info: Redefining \dots on input line 498.
LaTeX Info: Redefining \cdots on input line 619.
\Mathstrutbox@=\box61
\strutbox@=\box62
LaTeX Info: Redefining \big on input line 721.
LaTeX Info: Redefining \Big on input line 722.
LaTeX Info: Redefining \bigg on input line 723.
LaTeX Info: Redefining \Bigg on input line 724.
\big@size=\dimen180
LaTeX Font Info:    Redeclaring font encoding OML on input line 742.
LaTeX Font Info:    Redeclaring font encoding OMS on input line 743.
\macc@depth=\count327
LaTeX Info: Redefining \bmod on input line 904.
LaTeX Info: Redefining \pmod on input line 909.
LaTeX Info: Redefining \smash on input line 939.
LaTeX Info: Redefining \relbar on input line 969.
LaTeX Info: Redefining \Relbar on input line 970.
\c@MaxMatrixCols=\count328
\dotsspace@=\muskip18
\c@parentequation=\count329
\dspbrk@lvl=\count330
\tag@help=\toks23
\row@=\count331
\column@=\count332
\maxfields@=\count333
\andhelp@=\toks24
\eqnshift@=\dimen181
\alignsep@=\dimen182
\tagshift@=\dimen183
\tagwidth@=\dimen184
\totwidth@=\dimen185
\lineht@=\dimen186
\@envbody=\toks25
\multlinegap=\skip57
\multlinetaggap=\skip58
\mathdisplay@stack=\toks26
LaTeX Info: Redefining \[ on input line 2965.
LaTeX Info: Redefining \] on input line 2966.
)
(C:\Users\asus\AppData\Local\Programs\MiKTeX\tex/latex/amsfonts\amssymb.sty
Package: amssymb 2013/01/14 v3.01 AMS font symbols

(C:\Users\asus\AppData\Local\Programs\MiKTeX\tex/latex/amsfonts\amsfonts.sty
Package: amsfonts 2013/01/14 v3.01 Basic AMSFonts support
\symAMSa=\mathgroup6
\symAMSb=\mathgroup7
LaTeX Font Info:    Overwriting math alphabet `\mathfrak' in version `bold'
(Font)                  U/euf/m/n --> U/euf/b/n on input line 106.
))
(C:\Users\asus\AppData\Local\Programs\MiKTeX\tex/latex/tools\bm.sty
Package: bm 2025/10/21 v1.2g Bold Symbol Support (DPC/FMi)
Package bm Info: No bold for \OT1/ztmcm/m/n, using \pmb.
Package bm Info: No bold for \OML/ztmcm/m/it, using \pmb.
Package bm Info: No bold for \OMS/ztmcm/m/n, using \pmb.
Package bm Info: No bold for \OMX/ztmcm/m/n, using \pmb.
Package bm Info: No bold for \OT1/ptm/bx/n, using \pmb.
Package bm Info: No bold for \OT1/ptm/m/it, using \pmb.
Package bm Info: No bold for \U/msa/m/n, using \pmb.
Package bm Info: No bold for \U/msb/m/n, using \pmb.
)
(C:\Users\asus\AppData\Local\Programs\MiKTeX\tex/latex/float\float.sty
Package: float 2001/11/08 v1.3d Float enhancements (AL)
\c@float@type=\count334
\float@exts=\toks27
\float@box=\box63
\@float@everytoks=\toks28
\@floatcapt=\box64
)
(C:\Users\asus\AppData\Local\Programs\MiKTeX\tex/latex/caption\caption.sty
Package: caption 2023/08/05 v3.6o Customizing captions (AR)

(C:\Users\asus\AppData\Local\Programs\MiKTeX\tex/latex/caption\caption3.sty
Package: caption3 2023/07/31 v2.4d caption3 kernel (AR)
\caption@tempdima=\dimen187
\captionmargin=\dimen188
\caption@leftmargin=\dimen189
\caption@rightmargin=\dimen190
\caption@width=\dimen191
\caption@indent=\dimen192
\caption@parindent=\dimen193
\caption@hangindent=\dimen194
Package caption Info: Unknown document class (or package),
(caption)             standard defaults will be used.
Package caption Info: \@makecaption = \long macro:#1#2->\captionstyle \ifx \@ca
ptype \fig@type \vskip \figcapgap \fi \setbox \@tempboxa \hbox {{\floatlegendst
yle #1\floatcounterend }\capstrut #2}\ifdim \wd \@tempboxa >\hsize {\floatlegen
dstyle #1\floatcounterend }\capstrut #2\par \else \hbox to\hsize {\leftlegendgl
ue \unhbox \@tempboxa \hfil }\fi \ifx \@captype \fig@type \else \vskip \tabcapg
ap \fi  on input line 1175.
)

Package caption Warning: Unknown document class (or package),
(caption)                standard defaults will be used.
See the caption package documentation for explanation.

\c@caption@flags=\count335
\c@continuedfloat=\count336
Package caption Info: float package is loaded.
Package caption Info: floatflt package is loaded.
Package caption Info: hyperref package is loaded.
)

LaTeX Warning: Package "xcolor" has already been loaded: ignoring load-time
(LaTeX)        option "xcdraw".

(C:\Users\asus\AppData\Local\Programs\MiKTeX\tex/latex/sttools\cuted.sty
Package: cuted 2025/12/15 v2.10 Mixing onecolumn and twocolumn modes (ST)
\At@ViperColsBreak=\toks29
\preCutedStrip=\toks30
\postCutedStrip=\toks31
\cuted@@tempbox@a=\box65
\cuted@@tempbox@c=\box66
\cuted@@tempbox@var=\box67
\hold@viper=\box68
\@viper=\box69
\cuted@@varbox@a=\box70
\cuted@@varbox@c=\box71
\cuted@@tempdim@spread=\dimen195
\cuted@@tempdim@a=\dimen196
\cuted@@tempdim@b=\dimen197
\ht@hold@viper=\dimen198
\ht@viper=\dimen199
\var@@pagediscards@ht=\dimen256
\stripsep=\skip59
\viper@penalty=\count337
\strip@page@discards=\dimen257
)
(C:\Users\asus\AppData\Local\Programs\MiKTeX\tex/latex/type1cm\type1cm.sty
Package: type1cm 2002/09/05 v0.04 BlueSky/Y&Y Type1 CM font definitions (DPC, p
atched RF)
)
(C:\Users\asus\AppData\Local\Programs\MiKTeX\tex/latex/base\fix-cm.sty
Package: fix-cm 2020/11/24 v1.1t fixes to LaTeX

(C:\Users\asus\AppData\Local\Programs\MiKTeX\tex/latex/base\ts1enc.def
File: ts1enc.def 2001/06/05 v3.0e (jk/car/fm) Standard LaTeX file
LaTeX Font Info:    Redeclaring font encoding TS1 on input line 47.
LaTeX Encoding Info:    Redeclaring text command \capitalcedilla (encoding TS1)
 on input line 49.
LaTeX Encoding Info:    Redeclaring text command \capitalogonek (encoding TS1) 
on input line 52.
LaTeX Encoding Info:    Redeclaring text command \capitalgrave (encoding TS1) o
n input line 55.
LaTeX Encoding Info:    Redeclaring text command \capitalacute (encoding TS1) o
n input line 56.
LaTeX Encoding Info:    Redeclaring text command \capitalcircumflex (encoding T
S1) on input line 57.
LaTeX Encoding Info:    Redeclaring text command \capitaltilde (encoding TS1) o
n input line 58.
LaTeX Encoding Info:    Redeclaring text command \capitaldieresis (encoding TS1
) on input line 59.
LaTeX Encoding Info:    Redeclaring text command \capitalhungarumlaut (encoding
 TS1) on input line 60.
LaTeX Encoding Info:    Redeclaring text command \capitalring (encoding TS1) on
 input line 61.
LaTeX Encoding Info:    Redeclaring text command \capitalcaron (encoding TS1) o
n input line 62.
LaTeX Encoding Info:    Redeclaring text command \capitalbreve (encoding TS1) o
n input line 63.
LaTeX Encoding Info:    Redeclaring text command \capitalmacron (encoding TS1) 
on input line 64.
LaTeX Encoding Info:    Redeclaring text command \capitaldotaccent (encoding TS
1) on input line 65.
LaTeX Encoding Info:    Redeclaring text command \t (encoding TS1) on input lin
e 66.
LaTeX Encoding Info:    Redeclaring text command \capitaltie (encoding TS1) on 
input line 67.
LaTeX Encoding Info:    Redeclaring text command \newtie (encoding TS1) on inpu
t line 68.
LaTeX Encoding Info:    Redeclaring text command \capitalnewtie (encoding TS1) 
on input line 69.
LaTeX Encoding Info:    Redeclaring text symbol \textcapitalcompwordmark (encod
ing TS1) on input line 70.
LaTeX Encoding Info:    Redeclaring text symbol \textascendercompwordmark (enco
ding TS1) on input line 71.
LaTeX Encoding Info:    Redeclaring text symbol \textquotestraightbase (encodin
g TS1) on input line 72.
LaTeX Encoding Info:    Redeclaring text symbol \textquotestraightdblbase (enco
ding TS1) on input line 73.
LaTeX Encoding Info:    Redeclaring text symbol \texttwelveudash (encoding TS1)
 on input line 74.
LaTeX Encoding Info:    Redeclaring text symbol \textthreequartersemdash (encod
ing TS1) on input line 75.
LaTeX Encoding Info:    Redeclaring text symbol \textleftarrow (encoding TS1) o
n input line 76.
LaTeX Encoding Info:    Redeclaring text symbol \textrightarrow (encoding TS1) 
on input line 77.
LaTeX Encoding Info:    Redeclaring text symbol \textblank (encoding TS1) on in
put line 78.
LaTeX Encoding Info:    Redeclaring text symbol \textdollar (encoding TS1) on i
nput line 79.
LaTeX Encoding Info:    Redeclaring text symbol \textquotesingle (encoding TS1)
 on input line 80.
LaTeX Encoding Info:    Redeclaring text command \textasteriskcentered (encodin
g TS1) on input line 81.
LaTeX Encoding Info:    Redeclaring text symbol \textdblhyphen (encoding TS1) o
n input line 92.
LaTeX Encoding Info:    Redeclaring text symbol \textfractionsolidus (encoding 
TS1) on input line 93.
LaTeX Encoding Info:    Redeclaring text symbol \textzerooldstyle (encoding TS1
) on input line 94.
LaTeX Encoding Info:    Redeclaring text symbol \textoneoldstyle (encoding TS1)
 on input line 95.
LaTeX Encoding Info:    Redeclaring text symbol \texttwooldstyle (encoding TS1)
 on input line 96.
LaTeX Encoding Info:    Redeclaring text symbol \textthreeoldstyle (encoding TS
1) on input line 97.
LaTeX Encoding Info:    Redeclaring text symbol \textfouroldstyle (encoding TS1
) on input line 98.
LaTeX Encoding Info:    Redeclaring text symbol \textfiveoldstyle (encoding TS1
) on input line 99.
LaTeX Encoding Info:    Redeclaring text symbol \textsixoldstyle (encoding TS1)
 on input line 100.
LaTeX Encoding Info:    Redeclaring text symbol \textsevenoldstyle (encoding TS
1) on input line 101.
LaTeX Encoding Info:    Redeclaring text symbol \texteightoldstyle (encoding TS
1) on input line 102.
LaTeX Encoding Info:    Redeclaring text symbol \textnineoldstyle (encoding TS1
) on input line 103.
LaTeX Encoding Info:    Redeclaring text symbol \textlangle (encoding TS1) on i
nput line 104.
LaTeX Encoding Info:    Redeclaring text symbol \textminus (encoding TS1) on in
put line 105.
LaTeX Encoding Info:    Redeclaring text symbol \textrangle (encoding TS1) on i
nput line 106.
LaTeX Encoding Info:    Redeclaring text symbol \textmho (encoding TS1) on inpu
t line 107.
LaTeX Encoding Info:    Redeclaring text symbol \textbigcircle (encoding TS1) o
n input line 108.
LaTeX Encoding Info:    Redeclaring text command \textcircled (encoding TS1) on
 input line 109.
LaTeX Encoding Info:    Redeclaring text symbol \textohm (encoding TS1) on inpu
t line 115.
LaTeX Encoding Info:    Redeclaring text symbol \textlbrackdbl (encoding TS1) o
n input line 116.
LaTeX Encoding Info:    Redeclaring text symbol \textrbrackdbl (encoding TS1) o
n input line 117.
LaTeX Encoding Info:    Redeclaring text symbol \textuparrow (encoding TS1) on 
input line 118.
LaTeX Encoding Info:    Redeclaring text symbol \textdownarrow (encoding TS1) o
n input line 119.
LaTeX Encoding Info:    Redeclaring text symbol \textasciigrave (encoding TS1) 
on input line 120.
LaTeX Encoding Info:    Redeclaring text symbol \textborn (encoding TS1) on inp
ut line 121.
LaTeX Encoding Info:    Redeclaring text symbol \textdivorced (encoding TS1) on
 input line 122.
LaTeX Encoding Info:    Redeclaring text symbol \textdied (encoding TS1) on inp
ut line 123.
LaTeX Encoding Info:    Redeclaring text symbol \textleaf (encoding TS1) on inp
ut line 124.
LaTeX Encoding Info:    Redeclaring text symbol \textmarried (encoding TS1) on 
input line 125.
LaTeX Encoding Info:    Redeclaring text symbol \textmusicalnote (encoding TS1)
 on input line 126.
LaTeX Encoding Info:    Redeclaring text symbol \texttildelow (encoding TS1) on
 input line 127.
LaTeX Encoding Info:    Redeclaring text symbol \textdblhyphenchar (encoding TS
1) on input line 128.
LaTeX Encoding Info:    Redeclaring text symbol \textasciibreve (encoding TS1) 
on input line 129.
LaTeX Encoding Info:    Redeclaring text symbol \textasciicaron (encoding TS1) 
on input line 130.
LaTeX Encoding Info:    Redeclaring text symbol \textacutedbl (encoding TS1) on
 input line 131.
LaTeX Encoding Info:    Redeclaring text symbol \textgravedbl (encoding TS1) on
 input line 132.
LaTeX Encoding Info:    Redeclaring text symbol \textdagger (encoding TS1) on i
nput line 133.
LaTeX Encoding Info:    Redeclaring text symbol \textdaggerdbl (encoding TS1) o
n input line 134.
LaTeX Encoding Info:    Redeclaring text symbol \textbardbl (encoding TS1) on i
nput line 135.
LaTeX Encoding Info:    Redeclaring text symbol \textperthousand (encoding TS1)
 on input line 136.
LaTeX Encoding Info:    Redeclaring text symbol \textbullet (encoding TS1) on i
nput line 137.
LaTeX Encoding Info:    Redeclaring text symbol \textcelsius (encoding TS1) on 
input line 138.
LaTeX Encoding Info:    Redeclaring text symbol \textdollaroldstyle (encoding T
S1) on input line 139.
LaTeX Encoding Info:    Redeclaring text symbol \textcentoldstyle (encoding TS1
) on input line 140.
LaTeX Encoding Info:    Redeclaring text symbol \textflorin (encoding TS1) on i
nput line 141.
LaTeX Encoding Info:    Redeclaring text symbol \textcolonmonetary (encoding TS
1) on input line 142.
LaTeX Encoding Info:    Redeclaring text symbol \textwon (encoding TS1) on inpu
t line 143.
LaTeX Encoding Info:    Redeclaring text symbol \textnaira (encoding TS1) on in
put line 144.
LaTeX Encoding Info:    Redeclaring text symbol \textguarani (encoding TS1) on 
input line 145.
LaTeX Encoding Info:    Redeclaring text symbol \textpeso (encoding TS1) on inp
ut line 146.
LaTeX Encoding Info:    Redeclaring text symbol \textlira (encoding TS1) on inp
ut line 147.
LaTeX Encoding Info:    Redeclaring text symbol \textrecipe (encoding TS1) on i
nput line 148.
LaTeX Encoding Info:    Redeclaring text symbol \textinterrobang (encoding TS1)
 on input line 149.
LaTeX Encoding Info:    Redeclaring text symbol \textinterrobangdown (encoding 
TS1) on input line 150.
LaTeX Encoding Info:    Redeclaring text symbol \textdong (encoding TS1) on inp
ut line 151.
LaTeX Encoding Info:    Redeclaring text symbol \texttrademark (encoding TS1) o
n input line 152.
LaTeX Encoding Info:    Redeclaring text symbol \textpertenthousand (encoding T
S1) on input line 153.
LaTeX Encoding Info:    Redeclaring text symbol \textpilcrow (encoding TS1) on 
input line 154.
LaTeX Encoding Info:    Redeclaring text symbol \textbaht (encoding TS1) on inp
ut line 155.
LaTeX Encoding Info:    Redeclaring text symbol \textnumero (encoding TS1) on i
nput line 156.
LaTeX Encoding Info:    Redeclaring text symbol \textdiscount (encoding TS1) on
 input line 157.
LaTeX Encoding Info:    Redeclaring text symbol \textestimated (encoding TS1) o
n input line 158.
LaTeX Encoding Info:    Redeclaring text symbol \textopenbullet (encoding TS1) 
on input line 159.
LaTeX Encoding Info:    Redeclaring text symbol \textservicemark (encoding TS1)
 on input line 160.
LaTeX Encoding Info:    Redeclaring text symbol \textlquill (encoding TS1) on i
nput line 161.
LaTeX Encoding Info:    Redeclaring text symbol \textrquill (encoding TS1) on i
nput line 162.
LaTeX Encoding Info:    Redeclaring text symbol \textcent (encoding TS1) on inp
ut line 163.
LaTeX Encoding Info:    Redeclaring text symbol \textsterling (encoding TS1) on
 input line 164.
LaTeX Encoding Info:    Redeclaring text symbol \textcurrency (encoding TS1) on
 input line 165.
LaTeX Encoding Info:    Redeclaring text symbol \textyen (encoding TS1) on inpu
t line 166.
LaTeX Encoding Info:    Redeclaring text symbol \textbrokenbar (encoding TS1) o
n input line 167.
LaTeX Encoding Info:    Redeclaring text symbol \textsection (encoding TS1) on 
input line 168.
LaTeX Encoding Info:    Redeclaring text symbol \textasciidieresis (encoding TS
1) on input line 169.
LaTeX Encoding Info:    Redeclaring text symbol \textcopyright (encoding TS1) o
n input line 170.
LaTeX Encoding Info:    Redeclaring text symbol \textordfeminine (encoding TS1)
 on input line 171.
LaTeX Encoding Info:    Redeclaring text symbol \textcopyleft (encoding TS1) on
 input line 172.
LaTeX Encoding Info:    Redeclaring text symbol \textlnot (encoding TS1) on inp
ut line 173.
LaTeX Encoding Info:    Redeclaring text symbol \textcircledP (encoding TS1) on
 input line 174.
LaTeX Encoding Info:    Redeclaring text symbol \textregistered (encoding TS1) 
on input line 175.
LaTeX Encoding Info:    Redeclaring text symbol \textasciimacron (encoding TS1)
 on input line 176.
LaTeX Encoding Info:    Redeclaring text symbol \textdegree (encoding TS1) on i
nput line 177.
LaTeX Encoding Info:    Redeclaring text symbol \textpm (encoding TS1) on input
 line 178.
LaTeX Encoding Info:    Redeclaring text symbol \texttwosuperior (encoding TS1)
 on input line 179.
LaTeX Encoding Info:    Redeclaring text symbol \textthreesuperior (encoding TS
1) on input line 180.
LaTeX Encoding Info:    Redeclaring text symbol \textasciiacute (encoding TS1) 
on input line 181.
LaTeX Encoding Info:    Redeclaring text symbol \textmu (encoding TS1) on input
 line 182.
LaTeX Encoding Info:    Redeclaring text symbol \textparagraph (encoding TS1) o
n input line 183.
LaTeX Encoding Info:    Redeclaring text symbol \textperiodcentered (encoding T
S1) on input line 184.
LaTeX Encoding Info:    Redeclaring text symbol \textreferencemark (encoding TS
1) on input line 185.
LaTeX Encoding Info:    Redeclaring text symbol \textonesuperior (encoding TS1)
 on input line 186.
LaTeX Encoding Info:    Redeclaring text symbol \textordmasculine (encoding TS1
) on input line 187.
LaTeX Encoding Info:    Redeclaring text symbol \textsurd (encoding TS1) on inp
ut line 188.
LaTeX Encoding Info:    Redeclaring text symbol \textonequarter (encoding TS1) 
on input line 189.
LaTeX Encoding Info:    Redeclaring text symbol \textonehalf (encoding TS1) on 
input line 190.
LaTeX Encoding Info:    Redeclaring text symbol \textthreequarters (encoding TS
1) on input line 191.
LaTeX Encoding Info:    Redeclaring text symbol \texteuro (encoding TS1) on inp
ut line 192.
LaTeX Encoding Info:    Redeclaring text symbol \texttimes (encoding TS1) on in
put line 193.
LaTeX Encoding Info:    Redeclaring text symbol \textdiv (encoding TS1) on inpu
t line 194.
))
LaTeX Font Info:    Trying to load font information for OT1+ptm on input line 1
08.

(C:\Users\asus\AppData\Local\Programs\MiKTeX\tex/latex/psnfss\ot1ptm.fd
File: ot1ptm.fd 2001/06/04 font definitions for OT1/ptm.
)
(C:\Users\asus\AppData\Local\Programs\MiKTeX\tex/latex/l3backend\l3backend-pdft
ex.def
File: l3backend-pdftex.def 2026-02-18 L3 backend support: PDF output (pdfTeX)
\l__color_backend_stack_int=\count338
) (main.aux)
\openout1 = `main.aux'.

LaTeX Font Info:    Checking defaults for OML/cmm/m/it on input line 108.
LaTeX Font Info:    ... okay on input line 108.
LaTeX Font Info:    Checking defaults for OMS/cmsy/m/n on input line 108.
LaTeX Font Info:    ... okay on input line 108.
LaTeX Font Info:    Checking defaults for OT1/cmr/m/n on input line 108.
LaTeX Font Info:    ... okay on input line 108.
LaTeX Font Info:    Checking defaults for T1/cmr/m/n on input line 108.
LaTeX Font Info:    ... okay on input line 108.
LaTeX Font Info:    Checking defaults for TS1/cmr/m/n on input line 108.
LaTeX Font Info:    ... okay on input line 108.
LaTeX Font Info:    Checking defaults for OMX/cmex/m/n on input line 108.
LaTeX Font Info:    ... okay on input line 108.
LaTeX Font Info:    Checking defaults for U/cmr/m/n on input line 108.
LaTeX Font Info:    ... okay on input line 108.
LaTeX Font Info:    Checking defaults for PD1/pdf/m/n on input line 108.
LaTeX Font Info:    ... okay on input line 108.
LaTeX Font Info:    Checking defaults for PU/pdf/m/n on input line 108.
LaTeX Font Info:    ... okay on input line 108.

(C:\Users\asus\AppData\Local\Programs\MiKTeX\tex/context/base/mkii\supp-pdf.mki
i
[Loading MPS to PDF converter (version 2006.09.02).]
\scratchcounter=\count339
\scratchdimen=\dimen258
\scratchbox=\box72
\nofMPsegments=\count340
\nofMParguments=\count341
\everyMPshowfont=\toks32
\MPscratchCnt=\count342
\MPscratchDim=\dimen259
\MPnumerator=\count343
\makeMPintoPDFobject=\count344
\everyMPtoPDFconversion=\toks33
)
(C:\Users\asus\AppData\Local\Programs\MiKTeX\tex/latex/epstopdf-pkg\epstopdf-ba
se.sty
Package: epstopdf-base 2020-01-24 v2.11 Base part for package epstopdf
Package epstopdf-base Info: Redefining graphics rule for `.eps' on input line 4
85.

(C:\Users\asus\AppData\Local\Programs\MiKTeX\tex/latex/00miktex\epstopdf-sys.cf
g
File: epstopdf-sys.cfg 2021/03/18 v2.0 Configuration of epstopdf for MiKTeX
))
Package hyperref Info: Link coloring ON on input line 108.
\@outlinefile=\write4
\openout4 = `main.out'.

Package caption Info: Begin \AtBeginDocument code.
Package caption Info: End \AtBeginDocument code.

Runaway argument?
{{\large \bf \rm Progress in Fractional Differentiation 
G:/work/Journal2LaTeX/backend/temp/07caaddf-7874-4f26-9a87-138693dc2d74/rendere
d/main.tex:147: Paragraph ended before \titlefigurecaption was complete.
<to be read again> 
                   \par 
l.147 
      
I suspect you've forgotten a `}', causing me to apply this
control sequence to too much text. How can we recover?
My plan is to forget the whole thing and hope for the best.

G:/work/Journal2LaTeX/backend/temp/07caaddf-7874-4f26-9a87-138693dc2d74/rendere
d/main.tex:148: Too many }'s.
l.148 and Applications}
                       \\ {\it\small An International Journal}}
You've closed more groups than you opened.
Such booboos are generally harmless, so keep going.

G:/work/Journal2LaTeX/backend/temp/07caaddf-7874-4f26-9a87-138693dc2d74/rendere
d/main.tex:148: Too many }'s.
l.148 ...}\\ {\it\small An International Journal}}
                                                  
You've closed more groups than you opened.
Such booboos are generally harmless, so keep going.

LaTeX Font Info:    Trying to load font information for OT1+ztmcm on input line
 192.
(C:\Users\asus\AppData\Local\Programs\MiKTeX\tex/latex/psnfss\ot1ztmcm.fd
File: ot1ztmcm.fd 2000/01/03 Fontinst v1.801 font definitions for OT1/ztmcm.
)
LaTeX Font Info:    Trying to load font information for OML+ztmcm on input line
 192.

(C:\Users\asus\AppData\Local\Programs\MiKTeX\tex/latex/psnfss\omlztmcm.fd
File: omlztmcm.fd 2000/01/03 Fontinst v1.801 font definitions for OML/ztmcm.
)
LaTeX Font Info:    Trying to load font information for OMS+ztmcm on input line
 192.

(C:\Users\asus\AppData\Local\Programs\MiKTeX\tex/latex/psnfss\omsztmcm.fd
File: omsztmcm.fd 2000/01/03 Fontinst v1.801 font definitions for OMS/ztmcm.
)
LaTeX Font Info:    Trying to load font information for OMX+ztmcm on input line
 192.

(C:\Users\asus\AppData\Local\Programs\MiKTeX\tex/latex/psnfss\omxztmcm.fd
File: omxztmcm.fd 2000/01/03 Fontinst v1.801 font definitions for OMX/ztmcm.
)
LaTeX Font Info:    Font shape `OT1/ptm/bx/n' in size <7> not available
(Font)              Font shape `OT1/ptm/b/n' tried instead on input line 192.
LaTeX Font Info:    Font shape `OT1/ptm/bx/n' in size <5> not available
(Font)              Font shape `OT1/ptm/b/n' tried instead on input line 192.


Package mathptmx Warning: There are no bold math fonts on input line 192.

LaTeX Font Info:    Trying to load font information for OT1+phv on input line 1
92.
(C:\Users\asus\AppData\Local\Programs\MiKTeX\tex/latex/psnfss\ot1phv.fd
File: ot1phv.fd 2020/03/25 scalable font definitions for OT1/phv.
)
LaTeX Font Info:    Calculating math sizes for size <10.50003> on input line 19
2.
LaTeX Font Info:    Font shape `OT1/ptm/bx/n' in size <10.50003> not available
(Font)              Font shape `OT1/ptm/b/n' tried instead on input line 192.
LaTeX Font Info:    Font shape `OT1/ptm/bx/n' in size <7.77007> not available
(Font)              Font shape `OT1/ptm/b/n' tried instead on input line 192.
LaTeX Font Info:    Font shape `OT1/ptm/bx/n' in size <6.30008> not available
(Font)              Font shape `OT1/ptm/b/n' tried instead on input line 192.
LaTeX Font Info:    Font shape `OT1/ptm/bx/n' in size <9> not available
(Font)              Font shape `OT1/ptm/b/n' tried instead on input line 192.


LaTeX Warning: Command \c invalid in math mode on input line 192.


G:/work/Journal2LaTeX/backend/temp/07caaddf-7874-4f26-9a87-138693dc2d74/rendere
d/main.tex:192: LaTeX Error: Unicode character ₳ (U+20B3)
               not set up for use with LaTeX.

See the LaTeX manual or LaTeX Companion for explanation.
Type  H <return>  for immediate help.
 ...                                              
                                                  
l.192 \maketitle
                
You may provide a definition with
\DeclareUnicodeCharacter 


G:/work/Journal2LaTeX/backend/temp/07caaddf-7874-4f26-9a87-138693dc2d74/rendere
d/main.tex:192: LaTeX Error: Unicode character ƚ (U+019A)
               not set up for use with LaTeX.

See the LaTeX manual or LaTeX Companion for explanation.
Type  H <return>  for immediate help.
 ...                                              
                                                  
l.192 \maketitle
                
You may provide a definition with
\DeclareUnicodeCharacter 


G:/work/Journal2LaTeX/backend/temp/07caaddf-7874-4f26-9a87-138693dc2d74/rendere
d/main.tex:192: LaTeX Error: Unicode character Ɍ (U+024C)
               not set up for use with LaTeX.

See the LaTeX manual or LaTeX Companion for explanation.
Type  H <return>  for immediate help.
 ...                                              
                                                  
l.192 \maketitle
                
You may provide a definition with
\DeclareUnicodeCharacter 


LaTeX Warning: Reference `LastPage' on page 1 undefined on input line 218.

Package epstopdf Info: Source file: <logo7pt.eps>
(epstopdf)                    date: 2026-07-28 18:34:46
(epstopdf)                    size: 335242 bytes
(epstopdf)             Output file: <logo7pt-eps-converted-to.pdf>
(epstopdf)             Command: <miktex-epstopdf --outfile=logo7pt-eps-converte
d-to.pdf logo7pt.eps>
(epstopdf)             \includegraphics on input line 218.
runsystem(miktex-epstopdf --outfile=logo7pt-eps-converted-to.pdf logo7pt.eps)..
.executed safely (allowed).

Package epstopdf Info: Result file: <logo7pt-eps-converted-to.pdf>
(epstopdf)                    date: 2026-07-28 18:35:05
(epstopdf)                    size: 34205 bytes.
<logo7pt-eps-converted-to.pdf, id=4, 71.26625pt x 20.075pt>
File: logo7pt-eps-converted-to.pdf Graphic file (type pdf)
<use logo7pt-eps-converted-to.pdf>
Package pdftex.def Info: logo7pt-eps-converted-to.pdf  used on input line 218.
(pdftex.def)             Requested size: 71.26605pt x 20.07494pt.
LaTeX Font Info:    Font shape `OT1/ptm/bx/n' in size <6> not available
(Font)              Font shape `OT1/ptm/b/n' tried instead on input line 218.
LaTeX Font Info:    Trying to load font information for TS1+ptm on input line 2
18.
(C:\Users\asus\AppData\Local\Programs\MiKTeX\tex/latex/psnfss\ts1ptm.fd
File: ts1ptm.fd 2001/06/04 font definitions for TS1/ptm.
)
[1{C:/Users/asus/AppData/Local/MiKTeX/fonts/map/pdftex/pdftex.map}{C:/Users/asu
s/AppData/Local/Programs/MiKTeX/fonts/enc/dvips/base/8r.enc} <./logo7pt-eps-con
verted-to.pdf>]

LaTeX Warning: Command \c invalid in math mode on input line 239.


G:/work/Journal2LaTeX/backend/temp/07caaddf-7874-4f26-9a87-138693dc2d74/rendere
d/main.tex:239: LaTeX Error: Unicode character ₳ (U+20B3)
               not set up for use with LaTeX.

See the LaTeX manual or LaTeX Companion for explanation.
Type  H <return>  for immediate help.
 ...                                              
                                                  
l.239 ...sted \(N(t)\), intervention-aware \(₳
                                                  (t)\), interested \(ƚ(t)...

You may provide a definition with
\DeclareUnicodeCharacter 


G:/work/Journal2LaTeX/backend/temp/07caaddf-7874-4f26-9a87-138693dc2d74/rendere
d/main.tex:239: LaTeX Error: Unicode character ƚ (U+019A)
               not set up for use with LaTeX.

See the LaTeX manual or LaTeX Companion for explanation.
Type  H <return>  for immediate help.
 ...                                              
                                                  
l.239 ...ntion-aware \(₳(t)\), interested \(ƚ
                                                  (t)\), and recovered \(Ɍ...

You may provide a definition with
\DeclareUnicodeCharacter 


G:/work/Journal2LaTeX/backend/temp/07caaddf-7874-4f26-9a87-138693dc2d74/rendere
d/main.tex:239: LaTeX Error: Unicode character Ɍ (U+024C)
               not set up for use with LaTeX.

See the LaTeX manual or LaTeX Companion for explanation.
Type  H <return>  for immediate help.
 ...                                              
                                                  
l.239 ...nterested \(ƚ(t)\), and recovered \(Ɍ
                                                  (t)\). New students enter ...

You may provide a definition with
\DeclareUnicodeCharacter 

Package epstopdf Info: Source file: <logo7pt.eps>
(epstopdf)                    date: 2026-07-28 18:34:46
(epstopdf)                    size: 335242 bytes
(epstopdf)             Output file: <logo7pt-eps-converted-to.pdf>
(epstopdf)                    date: 2026-07-28 18:35:05
(epstopdf)                    size: 34205 bytes
(epstopdf)             Command: <miktex-epstopdf --outfile=logo7pt-eps-converte
d-to.pdf logo7pt.eps>
(epstopdf)             \includegraphics on input line 240.
Package epstopdf Info: Output file is already uptodate.
File: logo7pt-eps-converted-to.pdf Graphic file (type pdf)
<use logo7pt-eps-converted-to.pdf>
Package pdftex.def Info: logo7pt-eps-converted-to.pdf  used on input line 240.
(pdftex.def)             Requested size: 71.26605pt x 20.07494pt.

Overfull \hbox (53.38602pt too wide) has occurred while \output is active
[] [] \OT1/ptm/m/n/9 M. Ariyanatchi et al.: A Fractional Fuzzy Dynamical Model 
for Math-Phobia with Optimal Learning Intervention Strategies
 []

[2]

LaTeX Warning: Command \c invalid in math mode on input line 243.


LaTeX Warning: Command \c invalid in math mode on input line 243.


LaTeX Warning: Command \c invalid in math mode on input line 243.


G:/work/Journal2LaTeX/backend/temp/07caaddf-7874-4f26-9a87-138693dc2d74/rendere
d/main.tex:243: LaTeX Error: Unicode character Ө (U+04E8)
               not set up for use with LaTeX.

See the LaTeX manual or LaTeX Companion for explanation.
Type  H <return>  for immediate help.
 ...                                              
                                                  
l.243 ...\beta_{2}}\ ŞN - \left( \ \widetilde{Ө}
                                                   + \widetilde{\mu\ } \righ...

You may provide a definition with
\DeclareUnicodeCharacter 


G:/work/Journal2LaTeX/backend/temp/07caaddf-7874-4f26-9a87-138693dc2d74/rendere
d/main.tex:243: LaTeX Error: Unicode character Ө (U+04E8)
               not set up for use with LaTeX.

See the LaTeX manual or LaTeX Companion for explanation.
Type  H <return>  for immediate help.
 ...                                              
                                                  
l.243 ...\beta_{2}}\ ŞN - \left( \ \widetilde{Ө}
                                                   + \widetilde{\mu\ } \righ...

You may provide a definition with
\DeclareUnicodeCharacter 


LaTeX Warning: Command \c invalid in math mode on input line 243.


LaTeX Warning: Command \c invalid in math mode on input line 245.


LaTeX Warning: Command \c invalid in math mode on input line 247.


G:/work/Journal2LaTeX/backend/temp/07caaddf-7874-4f26-9a87-138693dc2d74/rendere
d/main.tex:249: LaTeX Error: Unicode character ₳ (U+20B3)
               not set up for use with LaTeX.

See the LaTeX manual or LaTeX Companion for explanation.
Type  H <return>  for immediate help.
 ...                                              
                                                  
l.249 \(0FFCD_{t}^{\vartheta}\ ₳
                                   = \widetilde{\delta_{1}}M + \widetilde{\d...

You may provide a definition with
\DeclareUnicodeCharacter 


G:/work/Journal2LaTeX/backend/temp/07caaddf-7874-4f26-9a87-138693dc2d74/rendere
d/main.tex:249: LaTeX Error: Unicode character ₳ (U+20B3)
               not set up for use with LaTeX.

See the LaTeX manual or LaTeX Companion for explanation.
Type  H <return>  for immediate help.
 ...                                              
                                                  
l.249 ...silon_{3}} + \widetilde{\mu\ } \right)₳
                                                  \)
You may provide a definition with
\DeclareUnicodeCharacter 


G:/work/Journal2LaTeX/backend/temp/07caaddf-7874-4f26-9a87-138693dc2d74/rendere
d/main.tex:251: LaTeX Error: Unicode character ƚ (U+019A)
               not set up for use with LaTeX.

See the LaTeX manual or LaTeX Companion for explanation.
Type  H <return>  for immediate help.
 ...                                              
                                                  
l.251 \(0FFCD_{t}^{\vartheta}ƚ
                                = \widetilde{Ө}Ş - \left( \widetilde{\Upsi...

You may provide a definition with
\DeclareUnicodeCharacter 


G:/work/Journal2LaTeX/backend/temp/07caaddf-7874-4f26-9a87-138693dc2d74/rendere
d/main.tex:251: LaTeX Error: Unicode character Ө (U+04E8)
               not set up for use with LaTeX.

See the LaTeX manual or LaTeX Companion for explanation.
Type  H <return>  for immediate help.
 ...                                              
                                                  
l.251 \(0FFCD_{t}^{\vartheta}ƚ = \widetilde{Ө}
                                                Ş - \left( \widetilde{\Upsi...

You may provide a definition with
\DeclareUnicodeCharacter 


G:/work/Journal2LaTeX/backend/temp/07caaddf-7874-4f26-9a87-138693dc2d74/rendere
d/main.tex:251: LaTeX Error: Unicode character Ө (U+04E8)
               not set up for use with LaTeX.

See the LaTeX manual or LaTeX Companion for explanation.
Type  H <return>  for immediate help.
 ...                                              
                                                  
l.251 \(0FFCD_{t}^{\vartheta}ƚ = \widetilde{Ө}
                                                Ş - \left( \widetilde{\Upsi...

You may provide a definition with
\DeclareUnicodeCharacter 


LaTeX Warning: Command \c invalid in math mode on input line 251.


G:/work/Journal2LaTeX/backend/temp/07caaddf-7874-4f26-9a87-138693dc2d74/rendere
d/main.tex:251: LaTeX Error: Unicode character ƚ (U+019A)
               not set up for use with LaTeX.

See the LaTeX manual or LaTeX Companion for explanation.
Type  H <return>  for immediate help.
 ...                                              
                                                  
l.251 ...psilon_{4}} + \widetilde{\mu\ } \right)ƚ
                                                  \)
You may provide a definition with
\DeclareUnicodeCharacter 


G:/work/Journal2LaTeX/backend/temp/07caaddf-7874-4f26-9a87-138693dc2d74/rendere
d/main.tex:253: LaTeX Error: Unicode character Ɍ (U+024C)
               not set up for use with LaTeX.

See the LaTeX manual or LaTeX Companion for explanation.
Type  H <return>  for immediate help.
 ...                                              
                                                  
l.253 \(0FFCD_{t}^{\vartheta}\ Ɍ
                                  = \widetilde{\Upsilon_{1}}M + \widetilde{\...

You may provide a definition with
\DeclareUnicodeCharacter 


G:/work/Journal2LaTeX/backend/temp/07caaddf-7874-4f26-9a87-138693dc2d74/rendere
d/main.tex:253: LaTeX Error: Unicode character ₳ (U+20B3)
               not set up for use with LaTeX.

See the LaTeX manual or LaTeX Companion for explanation.
Type  H <return>  for immediate help.
 ...                                              
                                                  
l.253 ...silon_{2}}N + \widetilde{\Upsilon_{3}}₳
                                                   + \widetilde{\Upsilon_{4}...

You may provide a definition with
\DeclareUnicodeCharacter 


G:/work/Journal2LaTeX/backend/temp/07caaddf-7874-4f26-9a87-138693dc2d74/rendere
d/main.tex:253: LaTeX Error: Unicode character ƚ (U+019A)
               not set up for use with LaTeX.

See the LaTeX manual or LaTeX Companion for explanation.
Type  H <return>  for immediate help.
 ...                                              
                                                  
l.253 ...ilon_{3}}₳ + \widetilde{\Upsilon_{4}}ƚ
                                                   - \widetilde{\mu\ }Ɍ\)
You may provide a definition with
\DeclareUnicodeCharacter 


G:/work/Journal2LaTeX/backend/temp/07caaddf-7874-4f26-9a87-138693dc2d74/rendere
d/main.tex:253: LaTeX Error: Unicode character Ɍ (U+024C)
               not set up for use with LaTeX.

See the LaTeX manual or LaTeX Companion for explanation.
Type  H <return>  for immediate help.
 ...                                              
                                                  
l.253 ...lde{\Upsilon_{4}}ƚ - \widetilde{\mu\ }Ɍ
                                                  \)
You may provide a definition with
\DeclareUnicodeCharacter 


LaTeX Warning: Command \c invalid in math mode on input line 258.


LaTeX Warning: Command \c invalid in math mode on input line 258.


G:/work/Journal2LaTeX/backend/temp/07caaddf-7874-4f26-9a87-138693dc2d74/rendere
d/main.tex:258: LaTeX Error: Unicode character ₳ (U+20B3)
               not set up for use with LaTeX.

See the LaTeX manual or LaTeX Companion for explanation.
Type  H <return>  for immediate help.
 ...                                              
                                                  
l.258 Ş(0) = Ş_{0},M(0) = M_{0},N(0) = N_{0},₳
                                                  (0) = ₳_{0},ƚ(0) = ƚ_{...

You may provide a definition with
\DeclareUnicodeCharacter 


G:/work/Journal2LaTeX/backend/temp/07caaddf-7874-4f26-9a87-138693dc2d74/rendere
d/main.tex:258: LaTeX Error: Unicode character ₳ (U+20B3)
               not set up for use with LaTeX.

See the LaTeX manual or LaTeX Companion for explanation.
Type  H <return>  for immediate help.
 ...                                              
                                                  
l.258 ...0},M(0) = M_{0},N(0) = N_{0},₳(0) = ₳
                                                  _{0},ƚ(0) = ƚ_{0},Ɍ(0) ...

You may provide a definition with
\DeclareUnicodeCharacter 


G:/work/Journal2LaTeX/backend/temp/07caaddf-7874-4f26-9a87-138693dc2d74/rendere
d/main.tex:258: LaTeX Error: Unicode character ƚ (U+019A)
               not set up for use with LaTeX.

See the LaTeX manual or LaTeX Companion for explanation.
Type  H <return>  for immediate help.
 ...                                              
                                                  
l.258 ... = M_{0},N(0) = N_{0},₳(0) = ₳_{0},ƚ
                                                  (0) = ƚ_{0},Ɍ(0) = Ɍ_{0},
You may provide a definition with
\DeclareUnicodeCharacter 


G:/work/Journal2LaTeX/backend/temp/07caaddf-7874-4f26-9a87-138693dc2d74/rendere
d/main.tex:258: LaTeX Error: Unicode character ƚ (U+019A)
               not set up for use with LaTeX.

See the LaTeX manual or LaTeX Companion for explanation.
Type  H <return>  for immediate help.
 ...                                              
                                                  
l.258 ...,N(0) = N_{0},₳(0) = ₳_{0},ƚ(0) = ƚ
                                                  _{0},Ɍ(0) = Ɍ_{0},
You may provide a definition with
\DeclareUnicodeCharacter 


G:/work/Journal2LaTeX/backend/temp/07caaddf-7874-4f26-9a87-138693dc2d74/rendere
d/main.tex:258: LaTeX Error: Unicode character Ɍ (U+024C)
               not set up for use with LaTeX.

See the LaTeX manual or LaTeX Companion for explanation.
Type  H <return>  for immediate help.
 ...                                              
                                                  
l.258 ... N_{0},₳(0) = ₳_{0},ƚ(0) = ƚ_{0},Ɍ
                                                  (0) = Ɍ_{0},
You may provide a definition with
\DeclareUnicodeCharacter 


G:/work/Journal2LaTeX/backend/temp/07caaddf-7874-4f26-9a87-138693dc2d74/rendere
d/main.tex:258: LaTeX Error: Unicode character Ɍ (U+024C)
               not set up for use with LaTeX.

See the LaTeX manual or LaTeX Companion for explanation.
Type  H <return>  for immediate help.
 ...                                              
                                                  
l.258 ...��(0) = ₳_{0},ƚ(0) = ƚ_{0},Ɍ(0) = Ɍ
                                                  _{0},
You may provide a definition with
\DeclareUnicodeCharacter 


G:/work/Journal2LaTeX/backend/temp/07caaddf-7874-4f26-9a87-138693dc2d74/rendere
d/main.tex:273: LaTeX Error: Unicode character Λ (U+039B)
               not set up for use with LaTeX.

See the LaTeX manual or LaTeX Companion for explanation.
Type  H <return>  for immediate help.
 ...                                              
                                                  
l.273 Λ
         & Recruitment rate of new students entering the system \\
You may provide a definition with
\DeclareUnicodeCharacter 


Package caption Warning: The option `hypcap=true' will be ignored for this
(caption)                particular \caption on input line 300.
See the caption package documentation for explanation.


Underfull \vbox (badness 10000) has occurred while \output is active []



LaTeX Warning: Reference `LastPage' on page 3 undefined on input line 302.

Package epstopdf Info: Source file: <logo7pt.eps>
(epstopdf)                    date: 2026-07-28 18:34:46
(epstopdf)                    size: 335242 bytes
(epstopdf)             Output file: <logo7pt-eps-converted-to.pdf>
(epstopdf)                    date: 2026-07-28 18:35:05
(epstopdf)                    size: 34205 bytes
(epstopdf)             Command: <miktex-epstopdf --outfile=logo7pt-eps-converte
d-to.pdf logo7pt.eps>
(epstopdf)             \includegraphics on input line 302.
Package epstopdf Info: Output file is already uptodate.
File: logo7pt-eps-converted-to.pdf Graphic file (type pdf)
<use logo7pt-eps-converted-to.pdf>
Package pdftex.def Info: logo7pt-eps-converted-to.pdf  used on input line 302.
(pdftex.def)             Requested size: 71.26605pt x 20.07494pt.
[3]
Package epstopdf Info: Source file: <logo7pt.eps>
(epstopdf)                    date: 2026-07-28 18:34:46
(epstopdf)                    size: 335242 bytes
(epstopdf)             Output file: <logo7pt-eps-converted-to.pdf>
(epstopdf)                    date: 2026-07-28 18:35:05
(epstopdf)                    size: 34205 bytes
(epstopdf)             Command: <miktex-epstopdf --outfile=logo7pt-eps-converte
d-to.pdf logo7pt.eps>
(epstopdf)             \includegraphics on input line 307.
Package epstopdf Info: Output file is already uptodate.
File: logo7pt-eps-converted-to.pdf Graphic file (type pdf)
<use logo7pt-eps-converted-to.pdf>
Package pdftex.def Info: logo7pt-eps-converted-to.pdf  used on input line 307.
(pdftex.def)             Requested size: 71.26605pt x 20.07494pt.

Overfull \hbox (53.38602pt too wide) has occurred while \output is active
[] [] \OT1/ptm/m/n/9 M. Ariyanatchi et al.: A Fractional Fuzzy Dynamical Model 
for Math-Phobia with Optimal Learning Intervention Strategies
 []

[4]

LaTeX Warning: Command \c invalid in math mode on input line 314.


LaTeX Warning: Command \c invalid in math mode on input line 314.


G:/work/Journal2LaTeX/backend/temp/07caaddf-7874-4f26-9a87-138693dc2d74/rendere
d/main.tex:314: LaTeX Error: Bad math environment delimiter.

See the LaTeX manual or LaTeX Companion for explanation.
Type  H <return>  for immediate help.
 ...                                              
                                                  
l.314 ...theta}\ Ş(t)|}_{Ş = 0} = \Lambda\\), \(
                                                  {0FFCD_{t}^{\vartheta}\ M(...

Your command was ignored.
Type  I <command> <return>  to replace it with another command,
or  <return>  to continue without it.


G:/work/Journal2LaTeX/backend/temp/07caaddf-7874-4f26-9a87-138693dc2d74/rendere
d/main.tex:314: LaTeX Error: Unicode character ƚ (U+019A)
               not set up for use with LaTeX.

See the LaTeX manual or LaTeX Companion for explanation.
Type  H <return>  for immediate help.
 ...                                              
                                                  
l.314 ...\\), \({0FFCD_{t}^{\vartheta}\ M(t)|}_{ƚ
                                                   = 0} = 0\), \({0FFCD_{t}^...

You may provide a definition with
\DeclareUnicodeCharacter 


G:/work/Journal2LaTeX/backend/temp/07caaddf-7874-4f26-9a87-138693dc2d74/rendere
d/main.tex:314: LaTeX Error: Unicode character ƚ (U+019A)
               not set up for use with LaTeX.

See the LaTeX manual or LaTeX Companion for explanation.
Type  H <return>  for immediate help.
 ...                                              
                                                  
l.314 ...0\), \({0FFCD_{t}^{\vartheta}\ N(t)|}_{ƚ
                                                   = 0} = \widetilde{\alpha}...

You may provide a definition with
\DeclareUnicodeCharacter 

G:/work/Journal2LaTeX/backend/temp/07caaddf-7874-4f26-9a87-138693dc2d74/rendere
d/main.tex:315: Missing $ inserted.
<inserted text> 
                $
l.315 
      
I've inserted a begin-math/end-math symbol since I think
you left one out. Proceed, with fingers crossed.


G:/work/Journal2LaTeX/backend/temp/07caaddf-7874-4f26-9a87-138693dc2d74/rendere
d/main.tex:316: LaTeX Error: Unicode character ₳ (U+20B3)
               not set up for use with LaTeX.

See the LaTeX manual or LaTeX Companion for explanation.
Type  H <return>  for immediate help.
 ...                                              
                                                  
l.316 \({0FFCD_{t}^{\vartheta}\ ₳
                                   (t)|}_{₳ = 0} = \widetilde{\delta_{1}}M...

You may provide a definition with
\DeclareUnicodeCharacter 


G:/work/Journal2LaTeX/backend/temp/07caaddf-7874-4f26-9a87-138693dc2d74/rendere
d/main.tex:316: LaTeX Error: Unicode character ₳ (U+20B3)
               not set up for use with LaTeX.

See the LaTeX manual or LaTeX Companion for explanation.
Type  H <return>  for immediate help.
 ...                                              
                                                  
l.316 \({0FFCD_{t}^{\vartheta}\ ₳(t)|}_{₳
                                              = 0} = \widetilde{\delta_{1}}M...

You may provide a definition with
\DeclareUnicodeCharacter 


G:/work/Journal2LaTeX/backend/temp/07caaddf-7874-4f26-9a87-138693dc2d74/rendere
d/main.tex:316: LaTeX Error: Unicode character ƚ (U+019A)
               not set up for use with LaTeX.

See the LaTeX manual or LaTeX Companion for explanation.
Type  H <return>  for immediate help.
 ...                                              
                                                  
l.316 ...lta_{2}}N\), \({0FFCD_{t}^{\vartheta}\ ƚ
                                                  (t)|}_{ƚ = 0} = \widetild...

You may provide a definition with
\DeclareUnicodeCharacter 


G:/work/Journal2LaTeX/backend/temp/07caaddf-7874-4f26-9a87-138693dc2d74/rendere
d/main.tex:316: LaTeX Error: Unicode character ƚ (U+019A)
               not set up for use with LaTeX.

See the LaTeX manual or LaTeX Companion for explanation.
Type  H <return>  for immediate help.
 ...                                              
                                                  
l.316 ...\), \({0FFCD_{t}^{\vartheta}\ ƚ(t)|}_{ƚ
                                                   = 0} = \widetilde{Ө}Ş\)...

You may provide a definition with
\DeclareUnicodeCharacter 


G:/work/Journal2LaTeX/backend/temp/07caaddf-7874-4f26-9a87-138693dc2d74/rendere
d/main.tex:316: LaTeX Error: Unicode character Ө (U+04E8)
               not set up for use with LaTeX.

See the LaTeX manual or LaTeX Companion for explanation.
Type  H <return>  for immediate help.
 ...                                              
                                                  
l.316 ...theta}\ ƚ(t)|}_{ƚ = 0} = \widetilde{Ө}
                                                  Ş\), \({0FFCD_{t}^{\varth...

You may provide a definition with
\DeclareUnicodeCharacter 


G:/work/Journal2LaTeX/backend/temp/07caaddf-7874-4f26-9a87-138693dc2d74/rendere
d/main.tex:316: LaTeX Error: Unicode character Ө (U+04E8)
               not set up for use with LaTeX.

See the LaTeX manual or LaTeX Companion for explanation.
Type  H <return>  for immediate help.
 ...                                              
                                                  
l.316 ...theta}\ ƚ(t)|}_{ƚ = 0} = \widetilde{Ө}
                                                  Ş\), \({0FFCD_{t}^{\varth...

You may provide a definition with
\DeclareUnicodeCharacter 


LaTeX Warning: Command \c invalid in math mode on input line 316.


G:/work/Journal2LaTeX/backend/temp/07caaddf-7874-4f26-9a87-138693dc2d74/rendere
d/main.tex:316: LaTeX Error: Unicode character Ɍ (U+024C)
               not set up for use with LaTeX.

See the LaTeX manual or LaTeX Companion for explanation.
Type  H <return>  for immediate help.
 ...                                              
                                                  
l.316 ...lde{Ө}Ş\), \({0FFCD_{t}^{\vartheta}\ Ɍ
                                                  (t)|}_{Ɍ = 0} = \widetild...

You may provide a definition with
\DeclareUnicodeCharacter 


G:/work/Journal2LaTeX/backend/temp/07caaddf-7874-4f26-9a87-138693dc2d74/rendere
d/main.tex:316: LaTeX Error: Unicode character Ɍ (U+024C)
               not set up for use with LaTeX.

See the LaTeX manual or LaTeX Companion for explanation.
Type  H <return>  for immediate help.
 ...                                              
                                                  
l.316 ...\), \({0FFCD_{t}^{\vartheta}\ Ɍ(t)|}_{Ɍ
                                                   = 0} = \widetilde{\Upsilo...

You may provide a definition with
\DeclareUnicodeCharacter 


G:/work/Journal2LaTeX/backend/temp/07caaddf-7874-4f26-9a87-138693dc2d74/rendere
d/main.tex:316: LaTeX Error: Unicode character ₳ (U+20B3)
               not set up for use with LaTeX.

See the LaTeX manual or LaTeX Companion for explanation.
Type  H <return>  for immediate help.
 ...                                              
                                                  
l.316 ...silon_{2}}N + \widetilde{\Upsilon_{3}}₳
                                                   + \widetilde{\Upsilon_{4}...

You may provide a definition with
\DeclareUnicodeCharacter 


G:/work/Journal2LaTeX/backend/temp/07caaddf-7874-4f26-9a87-138693dc2d74/rendere
d/main.tex:316: LaTeX Error: Unicode character ƚ (U+019A)
               not set up for use with LaTeX.

See the LaTeX manual or LaTeX Companion for explanation.
Type  H <return>  for immediate help.
 ...                                              
                                                  
l.316 ...ilon_{3}}₳ + \widetilde{\Upsilon_{4}}ƚ
                                                  \).
You may provide a definition with
\DeclareUnicodeCharacter 


LaTeX Warning: Command \c invalid in math mode on input line 320.


G:/work/Journal2LaTeX/backend/temp/07caaddf-7874-4f26-9a87-138693dc2d74/rendere
d/main.tex:320: LaTeX Error: Unicode character ₳ (U+20B3)
               not set up for use with LaTeX.

See the LaTeX manual or LaTeX Companion for explanation.
Type  H <return>  for immediate help.
 ...                                              
                                                  
l.320 Theorem 2. The solution of crisp \(ŞMN₳
                                                \ ƚɌ\) model (1) is unifor...

You may provide a definition with
\DeclareUnicodeCharacter 


G:/work/Journal2LaTeX/backend/temp/07caaddf-7874-4f26-9a87-138693dc2d74/rendere
d/main.tex:320: LaTeX Error: Unicode character ƚ (U+019A)
               not set up for use with LaTeX.

See the LaTeX manual or LaTeX Companion for explanation.
Type  H <return>  for immediate help.
 ...                                              
                                                  
l.320 ...em 2. The solution of crisp \(ŞMN₳\ ƚ
                                                  Ɍ\) model (1) is uniforml...

You may provide a definition with
\DeclareUnicodeCharacter 


G:/work/Journal2LaTeX/backend/temp/07caaddf-7874-4f26-9a87-138693dc2d74/rendere
d/main.tex:320: LaTeX Error: Unicode character Ɍ (U+024C)
               not set up for use with LaTeX.

See the LaTeX manual or LaTeX Companion for explanation.
Type  H <return>  for immediate help.
 ...                                              
                                                  
l.320 ... 2. The solution of crisp \(ŞMN₳\ ƚɌ
                                                  \) model (1) is uniformly ...

You may provide a definition with
\DeclareUnicodeCharacter 


G:/work/Journal2LaTeX/backend/temp/07caaddf-7874-4f26-9a87-138693dc2d74/rendere
d/main.tex:324: LaTeX Error: Unicode character 𝑡 (U+1D461)
               not set up for use with LaTeX.

See the LaTeX manual or LaTeX Companion for explanation.
Type  H <return>  for immediate help.
 ...                                              
                                                  
l.324 Let (𝑡
               ) = \(Ş(t)\) + \(M\) (𝑡) + \(N\)(𝑡) +\(₳\\)(𝑡) + ...

You may provide a definition with
\DeclareUnicodeCharacter 


LaTeX Warning: Command \c invalid in math mode on input line 324.


G:/work/Journal2LaTeX/backend/temp/07caaddf-7874-4f26-9a87-138693dc2d74/rendere
d/main.tex:324: LaTeX Error: Unicode character 𝑡 (U+1D461)
               not set up for use with LaTeX.

See the LaTeX manual or LaTeX Companion for explanation.
Type  H <return>  for immediate help.
 ...                                              
                                                  
l.324 Let (𝑡) = \(Ş(t)\) + \(M\) (𝑡
                                          ) + \(N\)(𝑡) +\(₳\\)(𝑡) + ...

You may provide a definition with
\DeclareUnicodeCharacter 


G:/work/Journal2LaTeX/backend/temp/07caaddf-7874-4f26-9a87-138693dc2d74/rendere
d/main.tex:324: LaTeX Error: Unicode character 𝑡 (U+1D461)
               not set up for use with LaTeX.

See the LaTeX manual or LaTeX Companion for explanation.
Type  H <return>  for immediate help.
 ...                                              
                                                  
l.324 ...) = \(Ş(t)\) + \(M\) (𝑡) + \(N\)(𝑡
                                                  ) +\(₳\\)(𝑡) + \(ƚ\)...

You may provide a definition with
\DeclareUnicodeCharacter 


G:/work/Journal2LaTeX/backend/temp/07caaddf-7874-4f26-9a87-138693dc2d74/rendere
d/main.tex:324: LaTeX Error: Unicode character ₳ (U+20B3)
               not set up for use with LaTeX.

See the LaTeX manual or LaTeX Companion for explanation.
Type  H <return>  for immediate help.
 ...                                              
                                                  
l.324 ...(t)\) + \(M\) (𝑡) + \(N\)(𝑡) +\(₳
                                                  \\)(𝑡) + \(ƚ\)(𝑡) +...

You may provide a definition with
\DeclareUnicodeCharacter 


G:/work/Journal2LaTeX/backend/temp/07caaddf-7874-4f26-9a87-138693dc2d74/rendere
d/main.tex:324: LaTeX Error: Unicode character 𝑡 (U+1D461)
               not set up for use with LaTeX.

See the LaTeX manual or LaTeX Companion for explanation.
Type  H <return>  for immediate help.
 ...                                              
                                                  
l.324 ...\(M\) (𝑡) + \(N\)(𝑡) +\(₳\\)(𝑡
                                                  ) + \(ƚ\)(𝑡) + \(Ɍ\)(...

You may provide a definition with
\DeclareUnicodeCharacter 


G:/work/Journal2LaTeX/backend/temp/07caaddf-7874-4f26-9a87-138693dc2d74/rendere
d/main.tex:324: LaTeX Error: Bad math environment delimiter.

See the LaTeX manual or LaTeX Companion for explanation.
Type  H <return>  for immediate help.
 ...                                              
                                                  
l.324 ...(𝑡) + \(N\)(𝑡) +\(₳\\)(𝑡) + \(
                                                  ƚ\)(𝑡) + \(Ɍ\)(𝑡),...

Your command was ignored.
Type  I <command> <return>  to replace it with another command,
or  <return>  to continue without it.


G:/work/Journal2LaTeX/backend/temp/07caaddf-7874-4f26-9a87-138693dc2d74/rendere
d/main.tex:324: LaTeX Error: Unicode character ƚ (U+019A)
               not set up for use with LaTeX.

See the LaTeX manual or LaTeX Companion for explanation.
Type  H <return>  for immediate help.
 ...                                              
                                                  
l.324 ...���) + \(N\)(𝑡) +\(₳\\)(𝑡) + \(ƚ
                                                  \)(𝑡) + \(Ɍ\)(𝑡), t...

You may provide a definition with
\DeclareUnicodeCharacter 


G:/work/Journal2LaTeX/backend/temp/07caaddf-7874-4f26-9a87-138693dc2d74/rendere
d/main.tex:324: LaTeX Error: Unicode character 𝑡 (U+1D461)
               not set up for use with LaTeX.

See the LaTeX manual or LaTeX Companion for explanation.
Type  H <return>  for immediate help.
 ...                                              
                                                  
l.324 ...\(N\)(𝑡) +\(₳\\)(𝑡) + \(ƚ\)(𝑡
                                                  ) + \(Ɍ\)(𝑡), then we ...

You may provide a definition with
\DeclareUnicodeCharacter 


G:/work/Journal2LaTeX/backend/temp/07caaddf-7874-4f26-9a87-138693dc2d74/rendere
d/main.tex:324: LaTeX Error: Unicode character Ɍ (U+024C)
               not set up for use with LaTeX.

See the LaTeX manual or LaTeX Companion for explanation.
Type  H <return>  for immediate help.
 ...                                              
                                                  
l.324 ...��) +\(₳\\)(𝑡) + \(ƚ\)(𝑡) + \(Ɍ
                                                  \)(𝑡), then we obtain
You may provide a definition with
\DeclareUnicodeCharacter 


G:/work/Journal2LaTeX/backend/temp/07caaddf-7874-4f26-9a87-138693dc2d74/rendere
d/main.tex:324: LaTeX Error: Unicode character 𝑡 (U+1D461)
               not set up for use with LaTeX.

See the LaTeX manual or LaTeX Companion for explanation.
Type  H <return>  for immediate help.
 ...                                              
                                                  
l.324 ...₳\\)(𝑡) + \(ƚ\)(𝑡) + \(Ɍ\)(𝑡
                                                  ), then we obtain
You may provide a definition with
\DeclareUnicodeCharacter 


G:/work/Journal2LaTeX/backend/temp/07caaddf-7874-4f26-9a87-138693dc2d74/rendere
d/main.tex:326: LaTeX Error: Unicode character 𝜇 (U+1D707)
               not set up for use with LaTeX.

See the LaTeX manual or LaTeX Companion for explanation.
Type  H <return>  for immediate help.
 ...                                              
                                                  
l.326 \(0FFCD_{t}^{\vartheta}N(t) +\)𝜇
                                         𝑁 = \(\Lambda\)
You may provide a definition with
\DeclareUnicodeCharacter 


G:/work/Journal2LaTeX/backend/temp/07caaddf-7874-4f26-9a87-138693dc2d74/rendere
d/main.tex:326: LaTeX Error: Unicode character 𝑁 (U+1D441)
               not set up for use with LaTeX.

See the LaTeX manual or LaTeX Companion for explanation.
Type  H <return>  for immediate help.
 ...                                              
                                                  
l.326 \(0FFCD_{t}^{\vartheta}N(t) +\)𝜇𝑁
                                              = \(\Lambda\)
You may provide a definition with
\DeclareUnicodeCharacter 


LaTeX Warning: Command \c invalid in math mode on input line 340.


G:/work/Journal2LaTeX/backend/temp/07caaddf-7874-4f26-9a87-138693dc2d74/rendere
d/main.tex:340: LaTeX Error: Unicode character ₳ (U+20B3)
               not set up for use with LaTeX.

See the LaTeX manual or LaTeX Companion for explanation.
Type  H <return>  for immediate help.
 ...                                              
                                                  
l.340 \(Ş(t)\ + \ M\ (t)\ + \ N(t)\ + ₳
                                          \ (t)\ + \ ƚ(t)\ + \ Ɍ(t) \leq \...

You may provide a definition with
\DeclareUnicodeCharacter 


G:/work/Journal2LaTeX/backend/temp/07caaddf-7874-4f26-9a87-138693dc2d74/rendere
d/main.tex:340: LaTeX Error: Unicode character ƚ (U+019A)
               not set up for use with LaTeX.

See the LaTeX manual or LaTeX Companion for explanation.
Type  H <return>  for immediate help.
 ...                                              
                                                  
l.340 ... + \ M\ (t)\ + \ N(t)\ + ₳\ (t)\ + \ ƚ
                                                  (t)\ + \ Ɍ(t) \leq \ \fra...

You may provide a definition with
\DeclareUnicodeCharacter 


G:/work/Journal2LaTeX/backend/temp/07caaddf-7874-4f26-9a87-138693dc2d74/rendere
d/main.tex:340: LaTeX Error: Unicode character Ɍ (U+024C)
               not set up for use with LaTeX.

See the LaTeX manual or LaTeX Companion for explanation.
Type  H <return>  for immediate help.
 ...                                              
                                                  
l.340 ...\ + \ N(t)\ + ₳\ (t)\ + \ ƚ(t)\ + \ Ɍ
                                                  (t) \leq \ \frac{\Lambda}{...

You may provide a definition with
\DeclareUnicodeCharacter 


LaTeX Warning: Command \c invalid in math mode on input line 356.


LaTeX Warning: Command \c invalid in math mode on input line 356.


LaTeX Warning: Command \c invalid in math mode on input line 356.


G:/work/Journal2LaTeX/backend/temp/07caaddf-7874-4f26-9a87-138693dc2d74/rendere
d/main.tex:356: LaTeX Error: Unicode character Ө (U+04E8)
               not set up for use with LaTeX.

See the LaTeX manual or LaTeX Companion for explanation.
Type  H <return>  for immediate help.
 ...                                              
                                                  
l.356 ...eta_{2}}\ Ş\ N - \left( \ \widetilde{Ө}
                                                   + \widetilde{\mu\ } \righ...

You may provide a definition with
\DeclareUnicodeCharacter 


G:/work/Journal2LaTeX/backend/temp/07caaddf-7874-4f26-9a87-138693dc2d74/rendere
d/main.tex:356: LaTeX Error: Unicode character Ө (U+04E8)
               not set up for use with LaTeX.

See the LaTeX manual or LaTeX Companion for explanation.
Type  H <return>  for immediate help.
 ...                                              
                                                  
l.356 ...eta_{2}}\ Ş\ N - \left( \ \widetilde{Ө}
                                                   + \widetilde{\mu\ } \righ...

You may provide a definition with
\DeclareUnicodeCharacter 


LaTeX Warning: Command \c invalid in math mode on input line 356.


LaTeX Warning: Command \c invalid in math mode on input line 356.


LaTeX Warning: Command \c invalid in math mode on input line 356.


G:/work/Journal2LaTeX/backend/temp/07caaddf-7874-4f26-9a87-138693dc2d74/rendere
d/main.tex:356: LaTeX Error: Unicode character ₳ (U+20B3)
               not set up for use with LaTeX.

See the LaTeX manual or LaTeX Companion for explanation.
Type  H <return>  for immediate help.
 ...                                              
                                                  
l.356 ... } \right)N\ \ 0FFCD_{t}^{\vartheta}\ ₳
                                                  (t) = \widetilde{\delta_{1...

You may provide a definition with
\DeclareUnicodeCharacter 


G:/work/Journal2LaTeX/backend/temp/07caaddf-7874-4f26-9a87-138693dc2d74/rendere
d/main.tex:356: LaTeX Error: Unicode character ₳ (U+20B3)
               not set up for use with LaTeX.

See the LaTeX manual or LaTeX Companion for explanation.
Type  H <return>  for immediate help.
 ...                                              
                                                  
l.356 ...silon_{3}} + \widetilde{\mu\ } \right)₳
                                                  \ 0FFCD_{t}^{\vartheta}\ �...

You may provide a definition with
\DeclareUnicodeCharacter 


G:/work/Journal2LaTeX/backend/temp/07caaddf-7874-4f26-9a87-138693dc2d74/rendere
d/main.tex:356: LaTeX Error: Unicode character ƚ (U+019A)
               not set up for use with LaTeX.

See the LaTeX manual or LaTeX Companion for explanation.
Type  H <return>  for immediate help.
 ...                                              
                                                  
l.356 ...\ } \right)₳\ 0FFCD_{t}^{\vartheta}\ ƚ
                                                  (t) = \widetilde{Ө}Ş - \...

You may provide a definition with
\DeclareUnicodeCharacter 


G:/work/Journal2LaTeX/backend/temp/07caaddf-7874-4f26-9a87-138693dc2d74/rendere
d/main.tex:356: LaTeX Error: Unicode character Ө (U+04E8)
               not set up for use with LaTeX.

See the LaTeX manual or LaTeX Companion for explanation.
Type  H <return>  for immediate help.
 ...                                              
                                                  
l.356 ...D_{t}^{\vartheta}\ ƚ(t) = \widetilde{Ө}
                                                  Ş - \left( \widetilde{\Up...

You may provide a definition with
\DeclareUnicodeCharacter 


G:/work/Journal2LaTeX/backend/temp/07caaddf-7874-4f26-9a87-138693dc2d74/rendere
d/main.tex:356: LaTeX Error: Unicode character Ө (U+04E8)
               not set up for use with LaTeX.

See the LaTeX manual or LaTeX Companion for explanation.
Type  H <return>  for immediate help.
 ...                                              
                                                  
l.356 ...D_{t}^{\vartheta}\ ƚ(t) = \widetilde{Ө}
                                                  Ş - \left( \widetilde{\Up...

You may provide a definition with
\DeclareUnicodeCharacter 


LaTeX Warning: Command \c invalid in math mode on input line 356.


G:/work/Journal2LaTeX/backend/temp/07caaddf-7874-4f26-9a87-138693dc2d74/rendere
d/main.tex:356: LaTeX Error: Unicode character ƚ (U+019A)
               not set up for use with LaTeX.

See the LaTeX manual or LaTeX Companion for explanation.
Type  H <return>  for immediate help.
 ...                                              
                                                  
l.356 ...psilon_{4}} + \widetilde{\mu\ } \right)ƚ
                                                  \ \ 0FFCD_{t}^{\vartheta}\...

You may provide a definition with
\DeclareUnicodeCharacter 


G:/work/Journal2LaTeX/backend/temp/07caaddf-7874-4f26-9a87-138693dc2d74/rendere
d/main.tex:356: LaTeX Error: Unicode character Ɍ (U+024C)
               not set up for use with LaTeX.

See the LaTeX manual or LaTeX Companion for explanation.
Type  H <return>  for immediate help.
 ...                                              
                                                  
l.356 ... } \right)ƚ\ \ 0FFCD_{t}^{\vartheta}\ Ɍ
                                                  (t) = \widetilde{\Upsilon_...

You may provide a definition with
\DeclareUnicodeCharacter 


G:/work/Journal2LaTeX/backend/temp/07caaddf-7874-4f26-9a87-138693dc2d74/rendere
d/main.tex:356: LaTeX Error: Unicode character ₳ (U+20B3)
               not set up for use with LaTeX.

See the LaTeX manual or LaTeX Companion for explanation.
Type  H <return>  for immediate help.
 ...                                              
                                                  
l.356 ...silon_{2}}N + \widetilde{\Upsilon_{3}}₳
                                                   + \widetilde{\Upsilon_{4}...

You may provide a definition with
\DeclareUnicodeCharacter 


G:/work/Journal2LaTeX/backend/temp/07caaddf-7874-4f26-9a87-138693dc2d74/rendere
d/main.tex:356: LaTeX Error: Unicode character ƚ (U+019A)
               not set up for use with LaTeX.

See the LaTeX manual or LaTeX Companion for explanation.
Type  H <return>  for immediate help.
 ...                                              
                                                  
l.356 ...ilon_{3}}₳ + \widetilde{\Upsilon_{4}}ƚ
                                                   - \widetilde{\mu\ }Ɍ\ \ ...

You may provide a definition with
\DeclareUnicodeCharacter 


G:/work/Journal2LaTeX/backend/temp/07caaddf-7874-4f26-9a87-138693dc2d74/rendere
d/main.tex:356: LaTeX Error: Unicode character Ɍ (U+024C)
               not set up for use with LaTeX.

See the LaTeX manual or LaTeX Companion for explanation.
Type  H <return>  for immediate help.
 ...                                              
                                                  
l.356 ...lde{\Upsilon_{4}}ƚ - \widetilde{\mu\ }Ɍ
                                                  \ \ \\) (2)
You may provide a definition with
\DeclareUnicodeCharacter 

G:/work/Journal2LaTeX/backend/temp/07caaddf-7874-4f26-9a87-138693dc2d74/rendere
d/main.tex:357: Missing $ inserted.
<inserted text> 
                $
l.357 
      
I've inserted a begin-math/end-math symbol since I think
you left one out. Proceed, with fingers crossed.


LaTeX Warning: Command \c invalid in math mode on input line 360.


LaTeX Warning: Command \c invalid in math mode on input line 360.


LaTeX Warning: Command \c invalid in math mode on input line 360.


G:/work/Journal2LaTeX/backend/temp/07caaddf-7874-4f26-9a87-138693dc2d74/rendere
d/main.tex:360: LaTeX Error: Unicode character Ө (U+04E8)
               not set up for use with LaTeX.

See the LaTeX manual or LaTeX Companion for explanation.
Type  H <return>  for immediate help.
 ...                                              
                                                  
l.360 ...eta_{2}}\ Ş\ N - \left( \ \widetilde{Ө}
                                                   + \widetilde{\mu\ } \righ...

You may provide a definition with
\DeclareUnicodeCharacter 


G:/work/Journal2LaTeX/backend/temp/07caaddf-7874-4f26-9a87-138693dc2d74/rendere
d/main.tex:360: LaTeX Error: Unicode character Ө (U+04E8)
               not set up for use with LaTeX.

See the LaTeX manual or LaTeX Companion for explanation.
Type  H <return>  for immediate help.
 ...                                              
                                                  
l.360 ...eta_{2}}\ Ş\ N - \left( \ \widetilde{Ө}
                                                   + \widetilde{\mu\ } \righ...

You may provide a definition with
\DeclareUnicodeCharacter 


LaTeX Warning: Command \c invalid in math mode on input line 360.


LaTeX Warning: Command \c invalid in math mode on input line 360.


LaTeX Warning: Command \c invalid in math mode on input line 360.


G:/work/Journal2LaTeX/backend/temp/07caaddf-7874-4f26-9a87-138693dc2d74/rendere
d/main.tex:360: LaTeX Error: Unicode character ₳ (U+20B3)
               not set up for use with LaTeX.

See the LaTeX manual or LaTeX Companion for explanation.
Type  H <return>  for immediate help.
 ...                                              
                                                  
l.360 ...lde{\mu\ } \right)N\ \psi_{3}\left( t,₳
                                                  (t) \right) = \widetilde{\...

You may provide a definition with
\DeclareUnicodeCharacter 


G:/work/Journal2LaTeX/backend/temp/07caaddf-7874-4f26-9a87-138693dc2d74/rendere
d/main.tex:360: LaTeX Error: Unicode character ₳ (U+20B3)
               not set up for use with LaTeX.

See the LaTeX manual or LaTeX Companion for explanation.
Type  H <return>  for immediate help.
 ...                                              
                                                  
l.360 ...silon_{3}} + \widetilde{\mu\ } \right)₳
                                                  \ \psi_{4}\left( t,ƚ(t) \...

You may provide a definition with
\DeclareUnicodeCharacter 


G:/work/Journal2LaTeX/backend/temp/07caaddf-7874-4f26-9a87-138693dc2d74/rendere
d/main.tex:360: LaTeX Error: Unicode character ƚ (U+019A)
               not set up for use with LaTeX.

See the LaTeX manual or LaTeX Companion for explanation.
Type  H <return>  for immediate help.
 ...                                              
                                                  
l.360 ...de{\mu\ } \right)₳\ \psi_{4}\left( t,ƚ
                                                  (t) \right) = \widetilde{�...

You may provide a definition with
\DeclareUnicodeCharacter 


G:/work/Journal2LaTeX/backend/temp/07caaddf-7874-4f26-9a87-138693dc2d74/rendere
d/main.tex:360: LaTeX Error: Unicode character Ө (U+04E8)
               not set up for use with LaTeX.

See the LaTeX manual or LaTeX Companion for explanation.
Type  H <return>  for immediate help.
 ...                                              
                                                  
l.360 ...4}\left( t,ƚ(t) \right) = \widetilde{Ө}
                                                  Ş - \left( \widetilde{\Up...

You may provide a definition with
\DeclareUnicodeCharacter 


G:/work/Journal2LaTeX/backend/temp/07caaddf-7874-4f26-9a87-138693dc2d74/rendere
d/main.tex:360: LaTeX Error: Unicode character Ө (U+04E8)
               not set up for use with LaTeX.

See the LaTeX manual or LaTeX Companion for explanation.
Type  H <return>  for immediate help.
 ...                                              
                                                  
l.360 ...4}\left( t,ƚ(t) \right) = \widetilde{Ө}
                                                  Ş - \left( \widetilde{\Up...

You may provide a definition with
\DeclareUnicodeCharacter 


LaTeX Warning: Command \c invalid in math mode on input line 360.


G:/work/Journal2LaTeX/backend/temp/07caaddf-7874-4f26-9a87-138693dc2d74/rendere
d/main.tex:360: LaTeX Error: Unicode character ƚ (U+019A)
               not set up for use with LaTeX.

See the LaTeX manual or LaTeX Companion for explanation.
Type  H <return>  for immediate help.
 ...                                              
                                                  
l.360 ...psilon_{4}} + \widetilde{\mu\ } \right)ƚ
                                                  \ \ \psi_{5}\left( t,Ɍ(t)...

You may provide a definition with
\DeclareUnicodeCharacter 


G:/work/Journal2LaTeX/backend/temp/07caaddf-7874-4f26-9a87-138693dc2d74/rendere
d/main.tex:360: LaTeX Error: Unicode character Ɍ (U+024C)
               not set up for use with LaTeX.

See the LaTeX manual or LaTeX Companion for explanation.
Type  H <return>  for immediate help.
 ...                                              
                                                  
l.360 ...e{\mu\ } \right)ƚ\ \ \psi_{5}\left( t,Ɍ
                                                  (t) \right) = \widetilde{\...

You may provide a definition with
\DeclareUnicodeCharacter 


G:/work/Journal2LaTeX/backend/temp/07caaddf-7874-4f26-9a87-138693dc2d74/rendere
d/main.tex:360: LaTeX Error: Unicode character ₳ (U+20B3)
               not set up for use with LaTeX.

See the LaTeX manual or LaTeX Companion for explanation.
Type  H <return>  for immediate help.
 ...                                              
                                                  
l.360 ...silon_{2}}N + \widetilde{\Upsilon_{3}}₳
                                                   + \widetilde{\Upsilon_{4}...

You may provide a definition with
\DeclareUnicodeCharacter 


G:/work/Journal2LaTeX/backend/temp/07caaddf-7874-4f26-9a87-138693dc2d74/rendere
d/main.tex:360: LaTeX Error: Unicode character ƚ (U+019A)
               not set up for use with LaTeX.

See the LaTeX manual or LaTeX Companion for explanation.
Type  H <return>  for immediate help.
 ...                                              
                                                  
l.360 ...ilon_{3}}₳ + \widetilde{\Upsilon_{4}}ƚ
                                                   - \widetilde{\mu\ }Ɍ\ \ ...

You may provide a definition with
\DeclareUnicodeCharacter 


G:/work/Journal2LaTeX/backend/temp/07caaddf-7874-4f26-9a87-138693dc2d74/rendere
d/main.tex:360: LaTeX Error: Unicode character Ɍ (U+024C)
               not set up for use with LaTeX.

See the LaTeX manual or LaTeX Companion for explanation.
Type  H <return>  for immediate help.
 ...                                              
                                                  
l.360 ...lde{\Upsilon_{4}}ƚ - \widetilde{\mu\ }Ɍ
                                                  \ \ \\) (3)
You may provide a definition with
\DeclareUnicodeCharacter 

G:/work/Journal2LaTeX/backend/temp/07caaddf-7874-4f26-9a87-138693dc2d74/rendere
d/main.tex:361: Missing $ inserted.
<inserted text> 
                $
l.361 
      
I've inserted a begin-math/end-math symbol since I think
you left one out. Proceed, with fingers crossed.


G:/work/Journal2LaTeX/backend/temp/07caaddf-7874-4f26-9a87-138693dc2d74/rendere
d/main.tex:362: LaTeX Error: Unicode character ɤ (U+0264)
               not set up for use with LaTeX.

See the LaTeX manual or LaTeX Companion for explanation.
Type  H <return>  for immediate help.
 ...                                              
                                                  
l.362 ...},\psi_{5}\), \(\psi_{6}\) then, for \(ɤ
                                                   \in \lbrack 0,1\rbrack\),...

You may provide a definition with
\DeclareUnicodeCharacter 


LaTeX Warning: Command \c invalid in math mode on input line 364.


LaTeX Warning: Command \c invalid in math mode on input line 364.


G:/work/Journal2LaTeX/backend/temp/07caaddf-7874-4f26-9a87-138693dc2d74/rendere
d/main.tex:364: LaTeX Error: Unicode character ₳ (U+20B3)
               not set up for use with LaTeX.

See the LaTeX manual or LaTeX Companion for explanation.
Type  H <return>  for immediate help.
 ...                                              
                                                  
l.364 ...,N(t) \right)\ 0FFCD_{t}^{\vartheta}\ ₳
                                                  (t) = \psi_{4}\left( t,\ �...

You may provide a definition with
\DeclareUnicodeCharacter 


G:/work/Journal2LaTeX/backend/temp/07caaddf-7874-4f26-9a87-138693dc2d74/rendere
d/main.tex:364: LaTeX Error: Unicode character ₳ (U+20B3)
               not set up for use with LaTeX.

See the LaTeX manual or LaTeX Companion for explanation.
Type  H <return>  for immediate help.
 ...                                              
                                                  
l.364 ...artheta}\ ₳(t) = \psi_{4}\left( t,\ ₳
                                                  (t) \right)\ 0FFCD_{t}^{\v...

You may provide a definition with
\DeclareUnicodeCharacter 


G:/work/Journal2LaTeX/backend/temp/07caaddf-7874-4f26-9a87-138693dc2d74/rendere
d/main.tex:364: LaTeX Error: Unicode character ƚ (U+019A)
               not set up for use with LaTeX.

See the LaTeX manual or LaTeX Companion for explanation.
Type  H <return>  for immediate help.
 ...                                              
                                                  
l.364 ...₳(t) \right)\ 0FFCD_{t}^{\vartheta}\ ƚ
                                                  (t) = \psi_{4}\left( t,\ �...

You may provide a definition with
\DeclareUnicodeCharacter 


G:/work/Journal2LaTeX/backend/temp/07caaddf-7874-4f26-9a87-138693dc2d74/rendere
d/main.tex:364: LaTeX Error: Unicode character ƚ (U+019A)
               not set up for use with LaTeX.

See the LaTeX manual or LaTeX Companion for explanation.
Type  H <return>  for immediate help.
 ...                                              
                                                  
l.364 ...\vartheta}\ ƚ(t) = \psi_{4}\left( t,\ ƚ
                                                  (t) \right)\ 0FFCD_{t}^{\v...

You may provide a definition with
\DeclareUnicodeCharacter 


G:/work/Journal2LaTeX/backend/temp/07caaddf-7874-4f26-9a87-138693dc2d74/rendere
d/main.tex:364: LaTeX Error: Unicode character Ɍ (U+024C)
               not set up for use with LaTeX.

See the LaTeX manual or LaTeX Companion for explanation.
Type  H <return>  for immediate help.
 ...                                              
                                                  
l.364 ... ƚ(t) \right)\ 0FFCD_{t}^{\vartheta}\ Ɍ
                                                  (t) = \psi_{5}\left( t,Ɍ(...

You may provide a definition with
\DeclareUnicodeCharacter 


G:/work/Journal2LaTeX/backend/temp/07caaddf-7874-4f26-9a87-138693dc2d74/rendere
d/main.tex:364: LaTeX Error: Unicode character Ɍ (U+024C)
               not set up for use with LaTeX.

See the LaTeX manual or LaTeX Companion for explanation.
Type  H <return>  for immediate help.
 ...                                              
                                                  
l.364 ...^{\vartheta}\ Ɍ(t) = \psi_{5}\left( t,Ɍ
                                                  (t) \right)\\) (4)
You may provide a definition with
\DeclareUnicodeCharacter 

G:/work/Journal2LaTeX/backend/temp/07caaddf-7874-4f26-9a87-138693dc2d74/rendere
d/main.tex:365: Missing $ inserted.
<inserted text> 
                $
l.365 
      
I've inserted a begin-math/end-math symbol since I think
you left one out. Proceed, with fingers crossed.


LaTeX Warning: Command \c invalid in math mode on input line 368.


LaTeX Warning: Command \c invalid in math mode on input line 368.


G:/work/Journal2LaTeX/backend/temp/07caaddf-7874-4f26-9a87-138693dc2d74/rendere
d/main.tex:368: LaTeX Error: Unicode character ɤ (U+0264)
               not set up for use with LaTeX.

See the LaTeX manual or LaTeX Companion for explanation.
Type  H <return>  for immediate help.
 ...                                              
                                                  
l.368 \(\widetilde{Ş}(0,ɤ
                           ) = \left\lbrack \underline{Ş}(0,ɤ),\underline{...

You may provide a definition with
\DeclareUnicodeCharacter 


LaTeX Warning: Command \c invalid in math mode on input line 368.


G:/work/Journal2LaTeX/backend/temp/07caaddf-7874-4f26-9a87-138693dc2d74/rendere
d/main.tex:368: LaTeX Error: Unicode character ɤ (U+0264)
               not set up for use with LaTeX.

See the LaTeX manual or LaTeX Companion for explanation.
Type  H <return>  for immediate help.
 ...                                              
                                                  
l.368 ...(0,ɤ) = \left\lbrack \underline{Ş}(0,ɤ
                                                  ),\underline{Ş}(0,ɤ) \ri...

You may provide a definition with
\DeclareUnicodeCharacter 


LaTeX Warning: Command \c invalid in math mode on input line 368.


G:/work/Journal2LaTeX/backend/temp/07caaddf-7874-4f26-9a87-138693dc2d74/rendere
d/main.tex:368: LaTeX Error: Unicode character ɤ (U+0264)
               not set up for use with LaTeX.

See the LaTeX manual or LaTeX Companion for explanation.
Type  H <return>  for immediate help.
 ...                                              
                                                  
l.368 ... \underline{Ş}(0,ɤ),\underline{Ş}(0,ɤ
                                                  ) \right\rbrack\)
You may provide a definition with
\DeclareUnicodeCharacter 


G:/work/Journal2LaTeX/backend/temp/07caaddf-7874-4f26-9a87-138693dc2d74/rendere
d/main.tex:370: LaTeX Error: Unicode character ɤ (U+0264)
               not set up for use with LaTeX.

See the LaTeX manual or LaTeX Companion for explanation.
Type  H <return>  for immediate help.
 ...                                              
                                                  
l.370 \(\widetilde{M}(0,ɤ
                          ) = \left\lbrack \underline{M}(0,ɤ),\underline{M}...

You may provide a definition with
\DeclareUnicodeCharacter 


G:/work/Journal2LaTeX/backend/temp/07caaddf-7874-4f26-9a87-138693dc2d74/rendere
d/main.tex:370: LaTeX Error: Unicode character ɤ (U+0264)
               not set up for use with LaTeX.

See the LaTeX manual or LaTeX Companion for explanation.
Type  H <return>  for immediate help.
 ...                                              
                                                  
l.370 ...}(0,ɤ) = \left\lbrack \underline{M}(0,ɤ
                                                  ),\underline{M}(0,ɤ) \rig...

You may provide a definition with
\DeclareUnicodeCharacter 


G:/work/Journal2LaTeX/backend/temp/07caaddf-7874-4f26-9a87-138693dc2d74/rendere
d/main.tex:370: LaTeX Error: Unicode character ɤ (U+0264)
               not set up for use with LaTeX.

See the LaTeX manual or LaTeX Companion for explanation.
Type  H <return>  for immediate help.
 ...                                              
                                                  
l.370 ...ck \underline{M}(0,ɤ),\underline{M}(0,ɤ
                                                  ) \right\rbrack\)
You may provide a definition with
\DeclareUnicodeCharacter 


G:/work/Journal2LaTeX/backend/temp/07caaddf-7874-4f26-9a87-138693dc2d74/rendere
d/main.tex:372: LaTeX Error: Unicode character ɤ (U+0264)
               not set up for use with LaTeX.

See the LaTeX manual or LaTeX Companion for explanation.
Type  H <return>  for immediate help.
 ...                                              
                                                  
l.372 \(\widetilde{N}(0,ɤ
                          ) = \left\lbrack \underline{N}(0,ɤ),\underline{N}...

You may provide a definition with
\DeclareUnicodeCharacter 


G:/work/Journal2LaTeX/backend/temp/07caaddf-7874-4f26-9a87-138693dc2d74/rendere
d/main.tex:372: LaTeX Error: Unicode character ɤ (U+0264)
               not set up for use with LaTeX.

See the LaTeX manual or LaTeX Companion for explanation.
Type  H <return>  for immediate help.
 ...                                              
                                                  
l.372 ...}(0,ɤ) = \left\lbrack \underline{N}(0,ɤ
                                                  ),\underline{N}(0,ɤ) \rig...

You may provide a definition with
\DeclareUnicodeCharacter 


G:/work/Journal2LaTeX/backend/temp/07caaddf-7874-4f26-9a87-138693dc2d74/rendere
d/main.tex:372: LaTeX Error: Unicode character ɤ (U+0264)
               not set up for use with LaTeX.

See the LaTeX manual or LaTeX Companion for explanation.
Type  H <return>  for immediate help.
 ...                                              
                                                  
l.372 ...ck \underline{N}(0,ɤ),\underline{N}(0,ɤ
                                                  ) \right\rbrack\)
You may provide a definition with
\DeclareUnicodeCharacter 


G:/work/Journal2LaTeX/backend/temp/07caaddf-7874-4f26-9a87-138693dc2d74/rendere
d/main.tex:374: LaTeX Error: Unicode character ₳ (U+20B3)
               not set up for use with LaTeX.

See the LaTeX manual or LaTeX Companion for explanation.
Type  H <return>  for immediate help.
 ...                                              
                                                  
l.374 \(\widetilde{₳}
                       (0,ɤ) = \left\lbrack \underline{₳}(0,ɤ),\underlin...

You may provide a definition with
\DeclareUnicodeCharacter 


G:/work/Journal2LaTeX/backend/temp/07caaddf-7874-4f26-9a87-138693dc2d74/rendere
d/main.tex:374: LaTeX Error: Unicode character ₳ (U+20B3)
               not set up for use with LaTeX.

See the LaTeX manual or LaTeX Companion for explanation.
Type  H <return>  for immediate help.
 ...                                              
                                                  
l.374 \(\widetilde{₳}
                       (0,ɤ) = \left\lbrack \underline{₳}(0,ɤ),\underlin...

You may provide a definition with
\DeclareUnicodeCharacter 


G:/work/Journal2LaTeX/backend/temp/07caaddf-7874-4f26-9a87-138693dc2d74/rendere
d/main.tex:374: LaTeX Error: Unicode character ɤ (U+0264)
               not set up for use with LaTeX.

See the LaTeX manual or LaTeX Companion for explanation.
Type  H <return>  for immediate help.
 ...                                              
                                                  
l.374 \(\widetilde{₳}(0,ɤ
                            ) = \left\lbrack \underline{₳}(0,ɤ),\underlin...

You may provide a definition with
\DeclareUnicodeCharacter 


G:/work/Journal2LaTeX/backend/temp/07caaddf-7874-4f26-9a87-138693dc2d74/rendere
d/main.tex:374: LaTeX Error: Unicode character ₳ (U+20B3)
               not set up for use with LaTeX.

See the LaTeX manual or LaTeX Companion for explanation.
Type  H <return>  for immediate help.
 ...                                              
                                                  
l.374 ...₳}(0,ɤ) = \left\lbrack \underline{₳}
                                                  (0,ɤ),\underline{₳}(0,�...

You may provide a definition with
\DeclareUnicodeCharacter 


G:/work/Journal2LaTeX/backend/temp/07caaddf-7874-4f26-9a87-138693dc2d74/rendere
d/main.tex:374: LaTeX Error: Unicode character ɤ (U+0264)
               not set up for use with LaTeX.

See the LaTeX manual or LaTeX Companion for explanation.
Type  H <return>  for immediate help.
 ...                                              
                                                  
l.374 ...0,ɤ) = \left\lbrack \underline{₳}(0,ɤ
                                                  ),\underline{₳}(0,ɤ) \r...

You may provide a definition with
\DeclareUnicodeCharacter 


G:/work/Journal2LaTeX/backend/temp/07caaddf-7874-4f26-9a87-138693dc2d74/rendere
d/main.tex:374: LaTeX Error: Unicode character ₳ (U+20B3)
               not set up for use with LaTeX.

See the LaTeX manual or LaTeX Companion for explanation.
Type  H <return>  for immediate help.
 ...                                              
                                                  
l.374 ...ack \underline{₳}(0,ɤ),\underline{₳}
                                                  (0,ɤ) \right\rbrack\)
You may provide a definition with
\DeclareUnicodeCharacter 


G:/work/Journal2LaTeX/backend/temp/07caaddf-7874-4f26-9a87-138693dc2d74/rendere
d/main.tex:374: LaTeX Error: Unicode character ɤ (U+0264)
               not set up for use with LaTeX.

See the LaTeX manual or LaTeX Companion for explanation.
Type  H <return>  for immediate help.
 ...                                              
                                                  
l.374 ...underline{₳}(0,ɤ),\underline{₳}(0,ɤ
                                                  ) \right\rbrack\)
You may provide a definition with
\DeclareUnicodeCharacter 


LaTeX Warning: Reference `LastPage' on page 5 undefined on input line 376.

Package epstopdf Info: Source file: <logo7pt.eps>
(epstopdf)                    date: 2026-07-28 18:34:46
(epstopdf)                    size: 335242 bytes
(epstopdf)             Output file: <logo7pt-eps-converted-to.pdf>
(epstopdf)                    date: 2026-07-28 18:35:05
(epstopdf)                    size: 34205 bytes
(epstopdf)             Command: <miktex-epstopdf --outfile=logo7pt-eps-converte
d-to.pdf logo7pt.eps>
(epstopdf)             \includegraphics on input line 376.
Package epstopdf Info: Output file is already uptodate.
File: logo7pt-eps-converted-to.pdf Graphic file (type pdf)
<use logo7pt-eps-converted-to.pdf>
Package pdftex.def Info: logo7pt-eps-converted-to.pdf  used on input line 376.
(pdftex.def)             Requested size: 71.26605pt x 20.07494pt.
[5]

G:/work/Journal2LaTeX/backend/temp/07caaddf-7874-4f26-9a87-138693dc2d74/rendere
d/main.tex:376: LaTeX Error: Unicode character ƚ (U+019A)
               not set up for use with LaTeX.

See the LaTeX manual or LaTeX Companion for explanation.
Type  H <return>  for immediate help.
 ...                                              
                                                  
l.376 \(\widetilde{ƚ}
                      (0,ɤ) = \left\lbrack \underline{ƚ}(0,ɤ),\underline{...

You may provide a definition with
\DeclareUnicodeCharacter 


G:/work/Journal2LaTeX/backend/temp/07caaddf-7874-4f26-9a87-138693dc2d74/rendere
d/main.tex:376: LaTeX Error: Unicode character ƚ (U+019A)
               not set up for use with LaTeX.

See the LaTeX manual or LaTeX Companion for explanation.
Type  H <return>  for immediate help.
 ...                                              
                                                  
l.376 \(\widetilde{ƚ}
                      (0,ɤ) = \left\lbrack \underline{ƚ}(0,ɤ),\underline{...

You may provide a definition with
\DeclareUnicodeCharacter 


G:/work/Journal2LaTeX/backend/temp/07caaddf-7874-4f26-9a87-138693dc2d74/rendere
d/main.tex:376: LaTeX Error: Unicode character ɤ (U+0264)
               not set up for use with LaTeX.

See the LaTeX manual or LaTeX Companion for explanation.
Type  H <return>  for immediate help.
 ...                                              
                                                  
l.376 \(\widetilde{ƚ}(0,ɤ
                           ) = \left\lbrack \underline{ƚ}(0,ɤ),\underline{...

You may provide a definition with
\DeclareUnicodeCharacter 


G:/work/Journal2LaTeX/backend/temp/07caaddf-7874-4f26-9a87-138693dc2d74/rendere
d/main.tex:376: LaTeX Error: Unicode character ƚ (U+019A)
               not set up for use with LaTeX.

See the LaTeX manual or LaTeX Companion for explanation.
Type  H <return>  for immediate help.
 ...                                              
                                                  
l.376 ...e{ƚ}(0,ɤ) = \left\lbrack \underline{ƚ}
                                                  (0,ɤ),\underline{ƚ}(0,ɤ...

You may provide a definition with
\DeclareUnicodeCharacter 


G:/work/Journal2LaTeX/backend/temp/07caaddf-7874-4f26-9a87-138693dc2d74/rendere
d/main.tex:376: LaTeX Error: Unicode character ɤ (U+0264)
               not set up for use with LaTeX.

See the LaTeX manual or LaTeX Companion for explanation.
Type  H <return>  for immediate help.
 ...                                              
                                                  
l.376 ...(0,ɤ) = \left\lbrack \underline{ƚ}(0,ɤ
                                                  ),\underline{ƚ}(0,ɤ) \ri...

You may provide a definition with
\DeclareUnicodeCharacter 


G:/work/Journal2LaTeX/backend/temp/07caaddf-7874-4f26-9a87-138693dc2d74/rendere
d/main.tex:376: LaTeX Error: Unicode character ƚ (U+019A)
               not set up for use with LaTeX.

See the LaTeX manual or LaTeX Companion for explanation.
Type  H <return>  for immediate help.
 ...                                              
                                                  
l.376 ...brack \underline{ƚ}(0,ɤ),\underline{ƚ}
                                                  (0,ɤ) \right\rbrack\)
You may provide a definition with
\DeclareUnicodeCharacter 


G:/work/Journal2LaTeX/backend/temp/07caaddf-7874-4f26-9a87-138693dc2d74/rendere
d/main.tex:376: LaTeX Error: Unicode character ɤ (U+0264)
               not set up for use with LaTeX.

See the LaTeX manual or LaTeX Companion for explanation.
Type  H <return>  for immediate help.
 ...                                              
                                                  
l.376 ... \underline{ƚ}(0,ɤ),\underline{ƚ}(0,ɤ
                                                  ) \right\rbrack\)
You may provide a definition with
\DeclareUnicodeCharacter 


G:/work/Journal2LaTeX/backend/temp/07caaddf-7874-4f26-9a87-138693dc2d74/rendere
d/main.tex:378: LaTeX Error: Unicode character Ɍ (U+024C)
               not set up for use with LaTeX.

See the LaTeX manual or LaTeX Companion for explanation.
Type  H <return>  for immediate help.
 ...                                              
                                                  
l.378 \(\widetilde{Ɍ}
                      \ (0,ɤ) = \left\lbrack \underline{Ɍ}(0,ɤ),\underlin...

You may provide a definition with
\DeclareUnicodeCharacter 


G:/work/Journal2LaTeX/backend/temp/07caaddf-7874-4f26-9a87-138693dc2d74/rendere
d/main.tex:378: LaTeX Error: Unicode character Ɍ (U+024C)
               not set up for use with LaTeX.

See the LaTeX manual or LaTeX Companion for explanation.
Type  H <return>  for immediate help.
 ...                                              
                                                  
l.378 \(\widetilde{Ɍ}
                      \ (0,ɤ) = \left\lbrack \underline{Ɍ}(0,ɤ),\underlin...

You may provide a definition with
\DeclareUnicodeCharacter 


G:/work/Journal2LaTeX/backend/temp/07caaddf-7874-4f26-9a87-138693dc2d74/rendere
d/main.tex:378: LaTeX Error: Unicode character ɤ (U+0264)
               not set up for use with LaTeX.

See the LaTeX manual or LaTeX Companion for explanation.
Type  H <return>  for immediate help.
 ...                                              
                                                  
l.378 \(\widetilde{Ɍ}\ (0,ɤ
                             ) = \left\lbrack \underline{Ɍ}(0,ɤ),\underlin...

You may provide a definition with
\DeclareUnicodeCharacter 


G:/work/Journal2LaTeX/backend/temp/07caaddf-7874-4f26-9a87-138693dc2d74/rendere
d/main.tex:378: LaTeX Error: Unicode character Ɍ (U+024C)
               not set up for use with LaTeX.

See the LaTeX manual or LaTeX Companion for explanation.
Type  H <return>  for immediate help.
 ...                                              
                                                  
l.378 ...Ɍ}\ (0,ɤ) = \left\lbrack \underline{Ɍ}
                                                  (0,ɤ),\underline{Ɍ}(0,ɤ...

You may provide a definition with
\DeclareUnicodeCharacter 


G:/work/Journal2LaTeX/backend/temp/07caaddf-7874-4f26-9a87-138693dc2d74/rendere
d/main.tex:378: LaTeX Error: Unicode character ɤ (U+0264)
               not set up for use with LaTeX.

See the LaTeX manual or LaTeX Companion for explanation.
Type  H <return>  for immediate help.
 ...                                              
                                                  
l.378 ...(0,ɤ) = \left\lbrack \underline{Ɍ}(0,ɤ
                                                  ),\underline{Ɍ}(0,ɤ) \ri...

You may provide a definition with
\DeclareUnicodeCharacter 


G:/work/Journal2LaTeX/backend/temp/07caaddf-7874-4f26-9a87-138693dc2d74/rendere
d/main.tex:378: LaTeX Error: Unicode character Ɍ (U+024C)
               not set up for use with LaTeX.

See the LaTeX manual or LaTeX Companion for explanation.
Type  H <return>  for immediate help.
 ...                                              
                                                  
l.378 ...brack \underline{Ɍ}(0,ɤ),\underline{Ɍ}
                                                  (0,ɤ) \right\rbrack\)
You may provide a definition with
\DeclareUnicodeCharacter 


G:/work/Journal2LaTeX/backend/temp/07caaddf-7874-4f26-9a87-138693dc2d74/rendere
d/main.tex:378: LaTeX Error: Unicode character ɤ (U+0264)
               not set up for use with LaTeX.

See the LaTeX manual or LaTeX Companion for explanation.
Type  H <return>  for immediate help.
 ...                                              
                                                  
l.378 ... \underline{Ɍ}(0,ɤ),\underline{Ɍ}(0,ɤ
                                                  ) \right\rbrack\)
You may provide a definition with
\DeclareUnicodeCharacter 


LaTeX Warning: Command \c invalid in math mode on input line 382.


LaTeX Warning: Command \c invalid in math mode on input line 382.


LaTeX Warning: Command \c invalid in math mode on input line 382.


G:/work/Journal2LaTeX/backend/temp/07caaddf-7874-4f26-9a87-138693dc2d74/rendere
d/main.tex:382: LaTeX Error: Unicode character ɤ (U+0264)
               not set up for use with LaTeX.

See the LaTeX manual or LaTeX Companion for explanation.
Type  H <return>  for immediate help.
 ...                                              
                                                  
l.382 \(\{ Ş(t) = \widetilde{Ş}(0,ɤ
                                      ) + \frac{1}{\lceil\vartheta}\int_{0}^...

You may provide a definition with
\DeclareUnicodeCharacter 


G:/work/Journal2LaTeX/backend/temp/07caaddf-7874-4f26-9a87-138693dc2d74/rendere
d/main.tex:382: LaTeX Error: Unicode character Ϛ (U+03DA)
               not set up for use with LaTeX.

See the LaTeX manual or LaTeX Companion for explanation.
Type  H <return>  for immediate help.
 ...                                              
                                                  
l.382 ...{1}{\lceil\vartheta}\int_{0}^{t}{}(t - Ϛ
                                                  )^{\vartheta - 1}\psi_{1}\...

You may provide a definition with
\DeclareUnicodeCharacter 


G:/work/Journal2LaTeX/backend/temp/07caaddf-7874-4f26-9a87-138693dc2d74/rendere
d/main.tex:382: LaTeX Error: Unicode character Ϛ (U+03DA)
               not set up for use with LaTeX.

See the LaTeX manual or LaTeX Companion for explanation.
Type  H <return>  for immediate help.
 ...                                              
                                                  
l.382 ...(t - Ϛ)^{\vartheta - 1}\psi_{1}\left( Ϛ
                                                  ,Ş(Ϛ) \right)\ dϚ\ M(t)...

You may provide a definition with
\DeclareUnicodeCharacter 


LaTeX Warning: Command \c invalid in math mode on input line 382.


G:/work/Journal2LaTeX/backend/temp/07caaddf-7874-4f26-9a87-138693dc2d74/rendere
d/main.tex:382: LaTeX Error: Unicode character Ϛ (U+03DA)
               not set up for use with LaTeX.

See the LaTeX manual or LaTeX Companion for explanation.
Type  H <return>  for immediate help.
 ...                                              
                                                  
l.382 ...�)^{\vartheta - 1}\psi_{1}\left( Ϛ,Ş(Ϛ
                                                  ) \right)\ dϚ\ M(t) = \wi...

You may provide a definition with
\DeclareUnicodeCharacter 


G:/work/Journal2LaTeX/backend/temp/07caaddf-7874-4f26-9a87-138693dc2d74/rendere
d/main.tex:382: LaTeX Error: Unicode character Ϛ (U+03DA)
               not set up for use with LaTeX.

See the LaTeX manual or LaTeX Companion for explanation.
Type  H <return>  for immediate help.
 ...                                              
                                                  
l.382 ...- 1}\psi_{1}\left( Ϛ,Ş(Ϛ) \right)\ dϚ
                                                  \ M(t) = \widetilde{M}(0,�...

You may provide a definition with
\DeclareUnicodeCharacter 


G:/work/Journal2LaTeX/backend/temp/07caaddf-7874-4f26-9a87-138693dc2d74/rendere
d/main.tex:382: LaTeX Error: Unicode character ɤ (U+0264)
               not set up for use with LaTeX.

See the LaTeX manual or LaTeX Companion for explanation.
Type  H <return>  for immediate help.
 ...                                              
                                                  
l.382 ...) \right)\ dϚ\ M(t) = \widetilde{M}(0,ɤ
                                                  ) + \frac{1}{\lceil\varthe...

You may provide a definition with
\DeclareUnicodeCharacter 


G:/work/Journal2LaTeX/backend/temp/07caaddf-7874-4f26-9a87-138693dc2d74/rendere
d/main.tex:382: LaTeX Error: Unicode character Ϛ (U+03DA)
               not set up for use with LaTeX.

See the LaTeX manual or LaTeX Companion for explanation.
Type  H <return>  for immediate help.
 ...                                              
                                                  
l.382 ...{1}{\lceil\vartheta}\int_{0}^{t}{}(t - Ϛ
                                                  )^{\vartheta - 1}\psi_{2}\...

You may provide a definition with
\DeclareUnicodeCharacter 


G:/work/Journal2LaTeX/backend/temp/07caaddf-7874-4f26-9a87-138693dc2d74/rendere
d/main.tex:382: LaTeX Error: Unicode character Ϛ (U+03DA)
               not set up for use with LaTeX.

See the LaTeX manual or LaTeX Companion for explanation.
Type  H <return>  for immediate help.
 ...                                              
                                                  
l.382 ...(t - Ϛ)^{\vartheta - 1}\psi_{2}\left( Ϛ
                                                  ,M(Ϛ) \right)\ dϚ\ N(t) ...

You may provide a definition with
\DeclareUnicodeCharacter 


G:/work/Journal2LaTeX/backend/temp/07caaddf-7874-4f26-9a87-138693dc2d74/rendere
d/main.tex:382: LaTeX Error: Unicode character Ϛ (U+03DA)
               not set up for use with LaTeX.

See the LaTeX manual or LaTeX Companion for explanation.
Type  H <return>  for immediate help.
 ...                                              
                                                  
l.382 ...Ϛ)^{\vartheta - 1}\psi_{2}\left( Ϛ,M(Ϛ
                                                  ) \right)\ dϚ\ N(t) = \wi...

You may provide a definition with
\DeclareUnicodeCharacter 


G:/work/Journal2LaTeX/backend/temp/07caaddf-7874-4f26-9a87-138693dc2d74/rendere
d/main.tex:382: LaTeX Error: Unicode character Ϛ (U+03DA)
               not set up for use with LaTeX.

See the LaTeX manual or LaTeX Companion for explanation.
Type  H <return>  for immediate help.
 ...                                              
                                                  
l.382 ... - 1}\psi_{2}\left( Ϛ,M(Ϛ) \right)\ dϚ
                                                  \ N(t) = \widetilde{N}(0,�...

You may provide a definition with
\DeclareUnicodeCharacter 


G:/work/Journal2LaTeX/backend/temp/07caaddf-7874-4f26-9a87-138693dc2d74/rendere
d/main.tex:382: LaTeX Error: Unicode character ɤ (U+0264)
               not set up for use with LaTeX.

See the LaTeX manual or LaTeX Companion for explanation.
Type  H <return>  for immediate help.
 ...                                              
                                                  
l.382 ...) \right)\ dϚ\ N(t) = \widetilde{N}(0,ɤ
                                                  ) + \frac{1}{\lceil\varthe...

You may provide a definition with
\DeclareUnicodeCharacter 


G:/work/Journal2LaTeX/backend/temp/07caaddf-7874-4f26-9a87-138693dc2d74/rendere
d/main.tex:382: LaTeX Error: Unicode character Ϛ (U+03DA)
               not set up for use with LaTeX.

See the LaTeX manual or LaTeX Companion for explanation.
Type  H <return>  for immediate help.
 ...                                              
                                                  
l.382 ...{1}{\lceil\vartheta}\int_{0}^{t}{}(t - Ϛ
                                                  )^{\vartheta - 1}\psi_{3}\...

You may provide a definition with
\DeclareUnicodeCharacter 


G:/work/Journal2LaTeX/backend/temp/07caaddf-7874-4f26-9a87-138693dc2d74/rendere
d/main.tex:382: LaTeX Error: Unicode character Ϛ (U+03DA)
               not set up for use with LaTeX.

See the LaTeX manual or LaTeX Companion for explanation.
Type  H <return>  for immediate help.
 ...                                              
                                                  
l.382 ...(t - Ϛ)^{\vartheta - 1}\psi_{3}\left( Ϛ
                                                  ,N(Ϛ) \right)\ dϚ\ ₳(t...

You may provide a definition with
\DeclareUnicodeCharacter 


G:/work/Journal2LaTeX/backend/temp/07caaddf-7874-4f26-9a87-138693dc2d74/rendere
d/main.tex:382: LaTeX Error: Unicode character Ϛ (U+03DA)
               not set up for use with LaTeX.

See the LaTeX manual or LaTeX Companion for explanation.
Type  H <return>  for immediate help.
 ...                                              
                                                  
l.382 ...Ϛ)^{\vartheta - 1}\psi_{3}\left( Ϛ,N(Ϛ
                                                  ) \right)\ dϚ\ ₳(t) = \...

You may provide a definition with
\DeclareUnicodeCharacter 


G:/work/Journal2LaTeX/backend/temp/07caaddf-7874-4f26-9a87-138693dc2d74/rendere
d/main.tex:382: LaTeX Error: Unicode character Ϛ (U+03DA)
               not set up for use with LaTeX.

See the LaTeX manual or LaTeX Companion for explanation.
Type  H <return>  for immediate help.
 ...                                              
                                                  
l.382 ... - 1}\psi_{3}\left( Ϛ,N(Ϛ) \right)\ dϚ
                                                  \ ₳(t) = \widetilde{₳}...

You may provide a definition with
\DeclareUnicodeCharacter 


G:/work/Journal2LaTeX/backend/temp/07caaddf-7874-4f26-9a87-138693dc2d74/rendere
d/main.tex:382: LaTeX Error: Unicode character ₳ (U+20B3)
               not set up for use with LaTeX.

See the LaTeX manual or LaTeX Companion for explanation.
Type  H <return>  for immediate help.
 ...                                              
                                                  
l.382 ...\psi_{3}\left( Ϛ,N(Ϛ) \right)\ dϚ\ ₳
                                                  (t) = \widetilde{₳}(0,ɤ...

You may provide a definition with
\DeclareUnicodeCharacter 


G:/work/Journal2LaTeX/backend/temp/07caaddf-7874-4f26-9a87-138693dc2d74/rendere
d/main.tex:382: LaTeX Error: Unicode character ₳ (U+20B3)
               not set up for use with LaTeX.

See the LaTeX manual or LaTeX Companion for explanation.
Type  H <return>  for immediate help.
 ...                                              
                                                  
l.382 ...�) \right)\ dϚ\ ₳(t) = \widetilde{₳}
                                                  (0,ɤ) + \frac{1}{\lceil\v...

You may provide a definition with
\DeclareUnicodeCharacter 


G:/work/Journal2LaTeX/backend/temp/07caaddf-7874-4f26-9a87-138693dc2d74/rendere
d/main.tex:382: LaTeX Error: Unicode character ₳ (U+20B3)
               not set up for use with LaTeX.

See the LaTeX manual or LaTeX Companion for explanation.
Type  H <return>  for immediate help.
 ...                                              
                                                  
l.382 ...�) \right)\ dϚ\ ₳(t) = \widetilde{₳}
                                                  (0,ɤ) + \frac{1}{\lceil\v...

You may provide a definition with
\DeclareUnicodeCharacter 


G:/work/Journal2LaTeX/backend/temp/07caaddf-7874-4f26-9a87-138693dc2d74/rendere
d/main.tex:382: LaTeX Error: Unicode character ɤ (U+0264)
               not set up for use with LaTeX.

See the LaTeX manual or LaTeX Companion for explanation.
Type  H <return>  for immediate help.
 ...                                              
                                                  
l.382 ...ight)\ dϚ\ ₳(t) = \widetilde{₳}(0,ɤ
                                                  ) + \frac{1}{\lceil\varthe...

You may provide a definition with
\DeclareUnicodeCharacter 


G:/work/Journal2LaTeX/backend/temp/07caaddf-7874-4f26-9a87-138693dc2d74/rendere
d/main.tex:382: LaTeX Error: Unicode character Ϛ (U+03DA)
               not set up for use with LaTeX.

See the LaTeX manual or LaTeX Companion for explanation.
Type  H <return>  for immediate help.
 ...                                              
                                                  
l.382 ...{1}{\lceil\vartheta}\int_{0}^{t}{}(t - Ϛ
                                                  )^{\vartheta - 1}\psi_{4}\...

You may provide a definition with
\DeclareUnicodeCharacter 


G:/work/Journal2LaTeX/backend/temp/07caaddf-7874-4f26-9a87-138693dc2d74/rendere
d/main.tex:382: LaTeX Error: Unicode character Ϛ (U+03DA)
               not set up for use with LaTeX.

See the LaTeX manual or LaTeX Companion for explanation.
Type  H <return>  for immediate help.
 ...                                              
                                                  
l.382 ...(t - Ϛ)^{\vartheta - 1}\psi_{4}\left( Ϛ
                                                  ,₳(Ϛ) \right)\ dϚ\ ƚ(...

You may provide a definition with
\DeclareUnicodeCharacter 


G:/work/Journal2LaTeX/backend/temp/07caaddf-7874-4f26-9a87-138693dc2d74/rendere
d/main.tex:382: LaTeX Error: Unicode character ₳ (U+20B3)
               not set up for use with LaTeX.

See the LaTeX manual or LaTeX Companion for explanation.
Type  H <return>  for immediate help.
 ...                                              
                                                  
l.382 ... Ϛ)^{\vartheta - 1}\psi_{4}\left( Ϛ,₳
                                                  (Ϛ) \right)\ dϚ\ ƚ(t) =...

You may provide a definition with
\DeclareUnicodeCharacter 


G:/work/Journal2LaTeX/backend/temp/07caaddf-7874-4f26-9a87-138693dc2d74/rendere
d/main.tex:382: LaTeX Error: Unicode character Ϛ (U+03DA)
               not set up for use with LaTeX.

See the LaTeX manual or LaTeX Companion for explanation.
Type  H <return>  for immediate help.
 ...                                              
                                                  
l.382 ...)^{\vartheta - 1}\psi_{4}\left( Ϛ,₳(Ϛ
                                                  ) \right)\ dϚ\ ƚ(t) = \w...

You may provide a definition with
\DeclareUnicodeCharacter 


G:/work/Journal2LaTeX/backend/temp/07caaddf-7874-4f26-9a87-138693dc2d74/rendere
d/main.tex:382: LaTeX Error: Unicode character Ϛ (U+03DA)
               not set up for use with LaTeX.

See the LaTeX manual or LaTeX Companion for explanation.
Type  H <return>  for immediate help.
 ...                                              
                                                  
l.382 ... 1}\psi_{4}\left( Ϛ,₳(Ϛ) \right)\ dϚ
                                                  \ ƚ(t) = \widetilde{ƚ}(0...

You may provide a definition with
\DeclareUnicodeCharacter 


G:/work/Journal2LaTeX/backend/temp/07caaddf-7874-4f26-9a87-138693dc2d74/rendere
d/main.tex:382: LaTeX Error: Unicode character ƚ (U+019A)
               not set up for use with LaTeX.

See the LaTeX manual or LaTeX Companion for explanation.
Type  H <return>  for immediate help.
 ...                                              
                                                  
l.382 ...psi_{4}\left( Ϛ,₳(Ϛ) \right)\ dϚ\ ƚ
                                                  (t) = \widetilde{ƚ}(0,ɤ)...

You may provide a definition with
\DeclareUnicodeCharacter 


G:/work/Journal2LaTeX/backend/temp/07caaddf-7874-4f26-9a87-138693dc2d74/rendere
d/main.tex:382: LaTeX Error: Unicode character ƚ (U+019A)
               not set up for use with LaTeX.

See the LaTeX manual or LaTeX Companion for explanation.
Type  H <return>  for immediate help.
 ...                                              
                                                  
l.382 ...(Ϛ) \right)\ dϚ\ ƚ(t) = \widetilde{ƚ}
                                                  (0,ɤ) + \frac{1}{\lceil\v...

You may provide a definition with
\DeclareUnicodeCharacter 


G:/work/Journal2LaTeX/backend/temp/07caaddf-7874-4f26-9a87-138693dc2d74/rendere
d/main.tex:382: LaTeX Error: Unicode character ƚ (U+019A)
               not set up for use with LaTeX.

See the LaTeX manual or LaTeX Companion for explanation.
Type  H <return>  for immediate help.
 ...                                              
                                                  
l.382 ...(Ϛ) \right)\ dϚ\ ƚ(t) = \widetilde{ƚ}
                                                  (0,ɤ) + \frac{1}{\lceil\v...

You may provide a definition with
\DeclareUnicodeCharacter 


G:/work/Journal2LaTeX/backend/temp/07caaddf-7874-4f26-9a87-138693dc2d74/rendere
d/main.tex:382: LaTeX Error: Unicode character ɤ (U+0264)
               not set up for use with LaTeX.

See the LaTeX manual or LaTeX Companion for explanation.
Type  H <return>  for immediate help.
 ...                                              
                                                  
l.382 ...\right)\ dϚ\ ƚ(t) = \widetilde{ƚ}(0,ɤ
                                                  ) + \frac{1}{\lceil\varthe...

You may provide a definition with
\DeclareUnicodeCharacter 


G:/work/Journal2LaTeX/backend/temp/07caaddf-7874-4f26-9a87-138693dc2d74/rendere
d/main.tex:382: LaTeX Error: Unicode character Ϛ (U+03DA)
               not set up for use with LaTeX.

See the LaTeX manual or LaTeX Companion for explanation.
Type  H <return>  for immediate help.
 ...                                              
                                                  
l.382 ...{1}{\lceil\vartheta}\int_{0}^{t}{}(t - Ϛ
                                                  )^{\vartheta - 1}\psi_{5}\...

You may provide a definition with
\DeclareUnicodeCharacter 


G:/work/Journal2LaTeX/backend/temp/07caaddf-7874-4f26-9a87-138693dc2d74/rendere
d/main.tex:382: LaTeX Error: Unicode character Ϛ (U+03DA)
               not set up for use with LaTeX.

See the LaTeX manual or LaTeX Companion for explanation.
Type  H <return>  for immediate help.
 ...                                              
                                                  
l.382 ...(t - Ϛ)^{\vartheta - 1}\psi_{5}\left( Ϛ
                                                  ,ƚ(Ϛ) \right)\ dϚ\ Ɍ(t...

You may provide a definition with
\DeclareUnicodeCharacter 


G:/work/Journal2LaTeX/backend/temp/07caaddf-7874-4f26-9a87-138693dc2d74/rendere
d/main.tex:382: LaTeX Error: Unicode character ƚ (U+019A)
               not set up for use with LaTeX.

See the LaTeX manual or LaTeX Companion for explanation.
Type  H <return>  for immediate help.
 ...                                              
                                                  
l.382 ...- Ϛ)^{\vartheta - 1}\psi_{5}\left( Ϛ,ƚ
                                                  (Ϛ) \right)\ dϚ\ Ɍ(t) =...

You may provide a definition with
\DeclareUnicodeCharacter 


G:/work/Journal2LaTeX/backend/temp/07caaddf-7874-4f26-9a87-138693dc2d74/rendere
d/main.tex:382: LaTeX Error: Unicode character Ϛ (U+03DA)
               not set up for use with LaTeX.

See the LaTeX manual or LaTeX Companion for explanation.
Type  H <return>  for immediate help.
 ...                                              
                                                  
l.382 ...�)^{\vartheta - 1}\psi_{5}\left( Ϛ,ƚ(Ϛ
                                                  ) \right)\ dϚ\ Ɍ(t) = \w...

You may provide a definition with
\DeclareUnicodeCharacter 


G:/work/Journal2LaTeX/backend/temp/07caaddf-7874-4f26-9a87-138693dc2d74/rendere
d/main.tex:382: LaTeX Error: Unicode character Ϛ (U+03DA)
               not set up for use with LaTeX.

See the LaTeX manual or LaTeX Companion for explanation.
Type  H <return>  for immediate help.
 ...                                              
                                                  
l.382 ...- 1}\psi_{5}\left( Ϛ,ƚ(Ϛ) \right)\ dϚ
                                                  \ Ɍ(t) = \widetilde{Ɍ}(0...

You may provide a definition with
\DeclareUnicodeCharacter 


G:/work/Journal2LaTeX/backend/temp/07caaddf-7874-4f26-9a87-138693dc2d74/rendere
d/main.tex:382: LaTeX Error: Unicode character Ɍ (U+024C)
               not set up for use with LaTeX.

See the LaTeX manual or LaTeX Companion for explanation.
Type  H <return>  for immediate help.
 ...                                              
                                                  
l.382 ...\psi_{5}\left( Ϛ,ƚ(Ϛ) \right)\ dϚ\ Ɍ
                                                  (t) = \widetilde{Ɍ}(0,ɤ)...

You may provide a definition with
\DeclareUnicodeCharacter 


G:/work/Journal2LaTeX/backend/temp/07caaddf-7874-4f26-9a87-138693dc2d74/rendere
d/main.tex:382: LaTeX Error: Unicode character Ɍ (U+024C)
               not set up for use with LaTeX.

See the LaTeX manual or LaTeX Companion for explanation.
Type  H <return>  for immediate help.
 ...                                              
                                                  
l.382 ...(Ϛ) \right)\ dϚ\ Ɍ(t) = \widetilde{Ɍ}
                                                  (0,ɤ) + \frac{1}{\lceil\v...

You may provide a definition with
\DeclareUnicodeCharacter 


G:/work/Journal2LaTeX/backend/temp/07caaddf-7874-4f26-9a87-138693dc2d74/rendere
d/main.tex:382: LaTeX Error: Unicode character Ɍ (U+024C)
               not set up for use with LaTeX.

See the LaTeX manual or LaTeX Companion for explanation.
Type  H <return>  for immediate help.
 ...                                              
                                                  
l.382 ...(Ϛ) \right)\ dϚ\ Ɍ(t) = \widetilde{Ɍ}
                                                  (0,ɤ) + \frac{1}{\lceil\v...

You may provide a definition with
\DeclareUnicodeCharacter 


G:/work/Journal2LaTeX/backend/temp/07caaddf-7874-4f26-9a87-138693dc2d74/rendere
d/main.tex:382: LaTeX Error: Unicode character ɤ (U+0264)
               not set up for use with LaTeX.

See the LaTeX manual or LaTeX Companion for explanation.
Type  H <return>  for immediate help.
 ...                                              
                                                  
l.382 ...\right)\ dϚ\ Ɍ(t) = \widetilde{Ɍ}(0,ɤ
                                                  ) + \frac{1}{\lceil\varthe...

You may provide a definition with
\DeclareUnicodeCharacter 


G:/work/Journal2LaTeX/backend/temp/07caaddf-7874-4f26-9a87-138693dc2d74/rendere
d/main.tex:382: LaTeX Error: Unicode character Ϛ (U+03DA)
               not set up for use with LaTeX.

See the LaTeX manual or LaTeX Companion for explanation.
Type  H <return>  for immediate help.
 ...                                              
                                                  
l.382 ...{1}{\lceil\vartheta}\int_{0}^{t}{}(t - Ϛ
                                                  )^{\vartheta - 1}\psi_{6}\...

You may provide a definition with
\DeclareUnicodeCharacter 


G:/work/Journal2LaTeX/backend/temp/07caaddf-7874-4f26-9a87-138693dc2d74/rendere
d/main.tex:382: LaTeX Error: Unicode character Ϛ (U+03DA)
               not set up for use with LaTeX.

See the LaTeX manual or LaTeX Companion for explanation.
Type  H <return>  for immediate help.
 ...                                              
                                                  
l.382 ...(t - Ϛ)^{\vartheta - 1}\psi_{6}\left( Ϛ
                                                  ,Ɍ(Ϛ) \right)\ dϚ\\) (5)
You may provide a definition with
\DeclareUnicodeCharacter 


G:/work/Journal2LaTeX/backend/temp/07caaddf-7874-4f26-9a87-138693dc2d74/rendere
d/main.tex:382: LaTeX Error: Unicode character Ɍ (U+024C)
               not set up for use with LaTeX.

See the LaTeX manual or LaTeX Companion for explanation.
Type  H <return>  for immediate help.
 ...                                              
                                                  
l.382 ...- Ϛ)^{\vartheta - 1}\psi_{6}\left( Ϛ,Ɍ
                                                  (Ϛ) \right)\ dϚ\\) (5)
You may provide a definition with
\DeclareUnicodeCharacter 


G:/work/Journal2LaTeX/backend/temp/07caaddf-7874-4f26-9a87-138693dc2d74/rendere
d/main.tex:382: LaTeX Error: Unicode character Ϛ (U+03DA)
               not set up for use with LaTeX.

See the LaTeX manual or LaTeX Companion for explanation.
Type  H <return>  for immediate help.
 ...                                              
                                                  
l.382 ...�)^{\vartheta - 1}\psi_{6}\left( Ϛ,Ɍ(Ϛ
                                                  ) \right)\ dϚ\\) (5)
You may provide a definition with
\DeclareUnicodeCharacter 


G:/work/Journal2LaTeX/backend/temp/07caaddf-7874-4f26-9a87-138693dc2d74/rendere
d/main.tex:382: LaTeX Error: Unicode character Ϛ (U+03DA)
               not set up for use with LaTeX.

See the LaTeX manual or LaTeX Companion for explanation.
Type  H <return>  for immediate help.
 ...                                              
                                                  
l.382 ...- 1}\psi_{6}\left( Ϛ,Ɍ(Ϛ) \right)\ dϚ
                                                  \\) (5)
You may provide a definition with
\DeclareUnicodeCharacter 

G:/work/Journal2LaTeX/backend/temp/07caaddf-7874-4f26-9a87-138693dc2d74/rendere
d/main.tex:383: Missing $ inserted.
<inserted text> 
                $
l.383 
      
I've inserted a begin-math/end-math symbol since I think
you left one out. Proceed, with fingers crossed.


G:/work/Journal2LaTeX/backend/temp/07caaddf-7874-4f26-9a87-138693dc2d74/rendere
d/main.tex:386: LaTeX Error: Unicode character Ꞗ (U+A796)
               not set up for use with LaTeX.

See the LaTeX manual or LaTeX Companion for explanation.
Type  H <return>  for immediate help.
 ...                                              
                                                  
l.386 \(Ꞗ
            = Ꞗ_{1} \times Ꞗ_{2} \times Ꞗ_{3} \times Ꞗ_{4} \times �...

You may provide a definition with
\DeclareUnicodeCharacter 


G:/work/Journal2LaTeX/backend/temp/07caaddf-7874-4f26-9a87-138693dc2d74/rendere
d/main.tex:386: LaTeX Error: Unicode character Ꞗ (U+A796)
               not set up for use with LaTeX.

See the LaTeX manual or LaTeX Companion for explanation.
Type  H <return>  for immediate help.
 ...                                              
                                                  
l.386 \(Ꞗ = Ꞗ
                 _{1} \times Ꞗ_{2} \times Ꞗ_{3} \times Ꞗ_{4} \times �...

You may provide a definition with
\DeclareUnicodeCharacter 


G:/work/Journal2LaTeX/backend/temp/07caaddf-7874-4f26-9a87-138693dc2d74/rendere
d/main.tex:386: LaTeX Error: Unicode character Ꞗ (U+A796)
               not set up for use with LaTeX.

See the LaTeX manual or LaTeX Companion for explanation.
Type  H <return>  for immediate help.
 ...                                              
                                                  
l.386 \(Ꞗ = Ꞗ_{1} \times Ꞗ
                                _{2} \times Ꞗ_{3} \times Ꞗ_{4} \times �...

You may provide a definition with
\DeclareUnicodeCharacter 


G:/work/Journal2LaTeX/backend/temp/07caaddf-7874-4f26-9a87-138693dc2d74/rendere
d/main.tex:386: LaTeX Error: Unicode character Ꞗ (U+A796)
               not set up for use with LaTeX.

See the LaTeX manual or LaTeX Companion for explanation.
Type  H <return>  for immediate help.
 ...                                              
                                                  
l.386 \(Ꞗ = Ꞗ_{1} \times Ꞗ_{2} \times Ꞗ
                                               _{3} \times Ꞗ_{4} \times �...

You may provide a definition with
\DeclareUnicodeCharacter 


G:/work/Journal2LaTeX/backend/temp/07caaddf-7874-4f26-9a87-138693dc2d74/rendere
d/main.tex:386: LaTeX Error: Unicode character Ꞗ (U+A796)
               not set up for use with LaTeX.

See the LaTeX manual or LaTeX Companion for explanation.
Type  H <return>  for immediate help.
 ...                                              
                                                  
l.386 ... \times Ꞗ_{2} \times Ꞗ_{3} \times Ꞗ
                                                  _{4} \times Ꞗ_{5} \times...

You may provide a definition with
\DeclareUnicodeCharacter 


G:/work/Journal2LaTeX/backend/temp/07caaddf-7874-4f26-9a87-138693dc2d74/rendere
d/main.tex:386: LaTeX Error: Unicode character Ꞗ (U+A796)
               not set up for use with LaTeX.

See the LaTeX manual or LaTeX Companion for explanation.
Type  H <return>  for immediate help.
 ...                                              
                                                  
l.386 ... \times Ꞗ_{3} \times Ꞗ_{4} \times Ꞗ
                                                  _{5} \times Ꞗ_{6}\),
You may provide a definition with
\DeclareUnicodeCharacter 


G:/work/Journal2LaTeX/backend/temp/07caaddf-7874-4f26-9a87-138693dc2d74/rendere
d/main.tex:386: LaTeX Error: Unicode character Ꞗ (U+A796)
               not set up for use with LaTeX.

See the LaTeX manual or LaTeX Companion for explanation.
Type  H <return>  for immediate help.
 ...                                              
                                                  
l.386 ... \times Ꞗ_{4} \times Ꞗ_{5} \times Ꞗ
                                                  _{6}\),
You may provide a definition with
\DeclareUnicodeCharacter 


LaTeX Warning: Command \c invalid in math mode on input line 388.


G:/work/Journal2LaTeX/backend/temp/07caaddf-7874-4f26-9a87-138693dc2d74/rendere
d/main.tex:388: LaTeX Error: Unicode character ₳ (U+20B3)
               not set up for use with LaTeX.

See the LaTeX manual or LaTeX Companion for explanation.
Type  H <return>  for immediate help.
 ...                                              
                                                  
l.388 \(\| Ş(t),\ M(t),N(t)\ ,\ ₳
                                    (t)\ ,\ \ ƚ(t)\ ,\ Ɍ(t)\ \| = \ \left|...

You may provide a definition with
\DeclareUnicodeCharacter 


G:/work/Journal2LaTeX/backend/temp/07caaddf-7874-4f26-9a87-138693dc2d74/rendere
d/main.tex:388: LaTeX Error: Unicode character ƚ (U+019A)
               not set up for use with LaTeX.

See the LaTeX manual or LaTeX Companion for explanation.
Type  H <return>  for immediate help.
 ...                                              
                                                  
l.388 \(\| Ş(t),\ M(t),N(t)\ ,\ ₳(t)\ ,\ \ ƚ
                                                (t)\ ,\ Ɍ(t)\ \| = \ \left|...

You may provide a definition with
\DeclareUnicodeCharacter 


G:/work/Journal2LaTeX/backend/temp/07caaddf-7874-4f26-9a87-138693dc2d74/rendere
d/main.tex:388: LaTeX Error: Unicode character Ɍ (U+024C)
               not set up for use with LaTeX.

See the LaTeX manual or LaTeX Companion for explanation.
Type  H <return>  for immediate help.
 ...                                              
                                                  
l.388 ...\ M(t),N(t)\ ,\ ₳(t)\ ,\ \ ƚ(t)\ ,\ Ɍ
                                                  (t)\ \| = \ \left| Ş(t) +...

You may provide a definition with
\DeclareUnicodeCharacter 


LaTeX Warning: Command \c invalid in math mode on input line 388.


G:/work/Journal2LaTeX/backend/temp/07caaddf-7874-4f26-9a87-138693dc2d74/rendere
d/main.tex:388: LaTeX Error: Unicode character ₳ (U+20B3)
               not set up for use with LaTeX.

See the LaTeX manual or LaTeX Companion for explanation.
Type  H <return>  for immediate help.
 ...                                              
                                                  
l.388 ...\ \| = \ \left| Ş(t) + M(t) + N(t) + ₳
                                                  (t) + \ \ ƚ(t) + Ɍ(t) \r...

You may provide a definition with
\DeclareUnicodeCharacter 


G:/work/Journal2LaTeX/backend/temp/07caaddf-7874-4f26-9a87-138693dc2d74/rendere
d/main.tex:388: LaTeX Error: Unicode character ƚ (U+019A)
               not set up for use with LaTeX.

See the LaTeX manual or LaTeX Companion for explanation.
Type  H <return>  for immediate help.
 ...                                              
                                                  
l.388 ...ft| Ş(t) + M(t) + N(t) + ₳(t) + \ \ ƚ
                                                  (t) + Ɍ(t) \right|\\)
You may provide a definition with
\DeclareUnicodeCharacter 


G:/work/Journal2LaTeX/backend/temp/07caaddf-7874-4f26-9a87-138693dc2d74/rendere
d/main.tex:388: LaTeX Error: Unicode character Ɍ (U+024C)
               not set up for use with LaTeX.

See the LaTeX manual or LaTeX Companion for explanation.
Type  H <return>  for immediate help.
 ...                                              
                                                  
l.388 ...) + M(t) + N(t) + ₳(t) + \ \ ƚ(t) + Ɍ
                                                  (t) \right|\\)
You may provide a definition with
\DeclareUnicodeCharacter 

G:/work/Journal2LaTeX/backend/temp/07caaddf-7874-4f26-9a87-138693dc2d74/rendere
d/main.tex:389: Missing $ inserted.
<inserted text> 
                $
l.389 
      
I've inserted a begin-math/end-math symbol since I think
you left one out. Proceed, with fingers crossed.


G:/work/Journal2LaTeX/backend/temp/07caaddf-7874-4f26-9a87-138693dc2d74/rendere
d/main.tex:392: LaTeX Error: Unicode character ǥ (U+01E5)
               not set up for use with LaTeX.

See the LaTeX manual or LaTeX Companion for explanation.
Type  H <return>  for immediate help.
 ...                                              
                                                  
l.392 \(\widetilde{ǥ}
                      (t) = \widetilde{ǥ}(0,ɤ) + \frac{1}{\lceil\vartheta}...

You may provide a definition with
\DeclareUnicodeCharacter 


G:/work/Journal2LaTeX/backend/temp/07caaddf-7874-4f26-9a87-138693dc2d74/rendere
d/main.tex:392: LaTeX Error: Unicode character ǥ (U+01E5)
               not set up for use with LaTeX.

See the LaTeX manual or LaTeX Companion for explanation.
Type  H <return>  for immediate help.
 ...                                              
                                                  
l.392 \(\widetilde{ǥ}
                      (t) = \widetilde{ǥ}(0,ɤ) + \frac{1}{\lceil\vartheta}...

You may provide a definition with
\DeclareUnicodeCharacter 


G:/work/Journal2LaTeX/backend/temp/07caaddf-7874-4f26-9a87-138693dc2d74/rendere
d/main.tex:392: LaTeX Error: Unicode character ǥ (U+01E5)
               not set up for use with LaTeX.

See the LaTeX manual or LaTeX Companion for explanation.
Type  H <return>  for immediate help.
 ...                                              
                                                  
l.392 \(\widetilde{ǥ}(t) = \widetilde{ǥ}
                                          (0,ɤ) + \frac{1}{\lceil\vartheta}...

You may provide a definition with
\DeclareUnicodeCharacter 


G:/work/Journal2LaTeX/backend/temp/07caaddf-7874-4f26-9a87-138693dc2d74/rendere
d/main.tex:392: LaTeX Error: Unicode character ǥ (U+01E5)
               not set up for use with LaTeX.

See the LaTeX manual or LaTeX Companion for explanation.
Type  H <return>  for immediate help.
 ...                                              
                                                  
l.392 \(\widetilde{ǥ}(t) = \widetilde{ǥ}
                                          (0,ɤ) + \frac{1}{\lceil\vartheta}...

You may provide a definition with
\DeclareUnicodeCharacter 


G:/work/Journal2LaTeX/backend/temp/07caaddf-7874-4f26-9a87-138693dc2d74/rendere
d/main.tex:392: LaTeX Error: Unicode character ɤ (U+0264)
               not set up for use with LaTeX.

See the LaTeX manual or LaTeX Companion for explanation.
Type  H <return>  for immediate help.
 ...                                              
                                                  
l.392 \(\widetilde{ǥ}(t) = \widetilde{ǥ}(0,ɤ
                                               ) + \frac{1}{\lceil\vartheta}...

You may provide a definition with
\DeclareUnicodeCharacter 


G:/work/Journal2LaTeX/backend/temp/07caaddf-7874-4f26-9a87-138693dc2d74/rendere
d/main.tex:392: LaTeX Error: Unicode character ǥ (U+01E5)
               not set up for use with LaTeX.

See the LaTeX manual or LaTeX Companion for explanation.
Type  H <return>  for immediate help.
 ...                                              
                                                  
l.392 ...eta - 1}\ \Theta\left( \xi,\widetilde{ǥ}
                                                  (\xi) \right)\ d\xi\) (6)
You may provide a definition with
\DeclareUnicodeCharacter 


G:/work/Journal2LaTeX/backend/temp/07caaddf-7874-4f26-9a87-138693dc2d74/rendere
d/main.tex:392: LaTeX Error: Unicode character ǥ (U+01E5)
               not set up for use with LaTeX.

See the LaTeX manual or LaTeX Companion for explanation.
Type  H <return>  for immediate help.
 ...                                              
                                                  
l.392 ...eta - 1}\ \Theta\left( \xi,\widetilde{ǥ}
                                                  (\xi) \right)\ d\xi\) (6)
You may provide a definition with
\DeclareUnicodeCharacter 


G:/work/Journal2LaTeX/backend/temp/07caaddf-7874-4f26-9a87-138693dc2d74/rendere
d/main.tex:396: LaTeX Error: Unicode character ǥ (U+01E5)
               not set up for use with LaTeX.

See the LaTeX manual or LaTeX Companion for explanation.
Type  H <return>  for immediate help.
 ...                                              
                                                  
l.396 \(\widetilde{ǥ}
                      (t) =\) \(\{ Ş(t)\ M(t)\ N(t)\ ₳(t)\ ƚ(t)\ Ɍ(t)\\)
You may provide a definition with
\DeclareUnicodeCharacter 


G:/work/Journal2LaTeX/backend/temp/07caaddf-7874-4f26-9a87-138693dc2d74/rendere
d/main.tex:396: LaTeX Error: Unicode character ǥ (U+01E5)
               not set up for use with LaTeX.

See the LaTeX manual or LaTeX Companion for explanation.
Type  H <return>  for immediate help.
 ...                                              
                                                  
l.396 \(\widetilde{ǥ}
                      (t) =\) \(\{ Ş(t)\ M(t)\ N(t)\ ₳(t)\ ƚ(t)\ Ɍ(t)\\)
You may provide a definition with
\DeclareUnicodeCharacter 


LaTeX Warning: Command \c invalid in math mode on input line 396.


G:/work/Journal2LaTeX/backend/temp/07caaddf-7874-4f26-9a87-138693dc2d74/rendere
d/main.tex:396: LaTeX Error: Unicode character ₳ (U+20B3)
               not set up for use with LaTeX.

See the LaTeX manual or LaTeX Companion for explanation.
Type  H <return>  for immediate help.
 ...                                              
                                                  
l.396 ...de{ǥ}(t) =\) \(\{ Ş(t)\ M(t)\ N(t)\ ₳
                                                  (t)\ ƚ(t)\ Ɍ(t)\\)
You may provide a definition with
\DeclareUnicodeCharacter 


G:/work/Journal2LaTeX/backend/temp/07caaddf-7874-4f26-9a87-138693dc2d74/rendere
d/main.tex:396: LaTeX Error: Unicode character ƚ (U+019A)
               not set up for use with LaTeX.

See the LaTeX manual or LaTeX Companion for explanation.
Type  H <return>  for immediate help.
 ...                                              
                                                  
l.396 ...t) =\) \(\{ Ş(t)\ M(t)\ N(t)\ ₳(t)\ ƚ
                                                  (t)\ Ɍ(t)\\)
You may provide a definition with
\DeclareUnicodeCharacter 


G:/work/Journal2LaTeX/backend/temp/07caaddf-7874-4f26-9a87-138693dc2d74/rendere
d/main.tex:396: LaTeX Error: Unicode character Ɍ (U+024C)
               not set up for use with LaTeX.

See the LaTeX manual or LaTeX Companion for explanation.
Type  H <return>  for immediate help.
 ...                                              
                                                  
l.396 ...\(\{ Ş(t)\ M(t)\ N(t)\ ₳(t)\ ƚ(t)\ Ɍ
                                                  (t)\\)
You may provide a definition with
\DeclareUnicodeCharacter 

G:/work/Journal2LaTeX/backend/temp/07caaddf-7874-4f26-9a87-138693dc2d74/rendere
d/main.tex:397: Missing $ inserted.
<inserted text> 
                $
l.397 
      
I've inserted a begin-math/end-math symbol since I think
you left one out. Proceed, with fingers crossed.


G:/work/Journal2LaTeX/backend/temp/07caaddf-7874-4f26-9a87-138693dc2d74/rendere
d/main.tex:398: LaTeX Error: Unicode character ǥ (U+01E5)
               not set up for use with LaTeX.

See the LaTeX manual or LaTeX Companion for explanation.
Type  H <return>  for immediate help.
 ...                                              
                                                  
l.398 \(\widetilde{ǥ}
                      (0,ɤ) =\) \(\{\widetilde{Ş}(0,ɤ)\ \widetilde{M}(0,�...

You may provide a definition with
\DeclareUnicodeCharacter 


G:/work/Journal2LaTeX/backend/temp/07caaddf-7874-4f26-9a87-138693dc2d74/rendere
d/main.tex:398: LaTeX Error: Unicode character ǥ (U+01E5)
               not set up for use with LaTeX.

See the LaTeX manual or LaTeX Companion for explanation.
Type  H <return>  for immediate help.
 ...                                              
                                                  
l.398 \(\widetilde{ǥ}
                      (0,ɤ) =\) \(\{\widetilde{Ş}(0,ɤ)\ \widetilde{M}(0,�...

You may provide a definition with
\DeclareUnicodeCharacter 


G:/work/Journal2LaTeX/backend/temp/07caaddf-7874-4f26-9a87-138693dc2d74/rendere
d/main.tex:398: LaTeX Error: Unicode character ɤ (U+0264)
               not set up for use with LaTeX.

See the LaTeX manual or LaTeX Companion for explanation.
Type  H <return>  for immediate help.
 ...                                              
                                                  
l.398 \(\widetilde{ǥ}(0,ɤ
                           ) =\) \(\{\widetilde{Ş}(0,ɤ)\ \widetilde{M}(0,�...

You may provide a definition with
\DeclareUnicodeCharacter 


LaTeX Warning: Command \c invalid in math mode on input line 398.


LaTeX Warning: Command \c invalid in math mode on input line 398.


G:/work/Journal2LaTeX/backend/temp/07caaddf-7874-4f26-9a87-138693dc2d74/rendere
d/main.tex:398: LaTeX Error: Unicode character ɤ (U+0264)
               not set up for use with LaTeX.

See the LaTeX manual or LaTeX Companion for explanation.
Type  H <return>  for immediate help.
 ...                                              
                                                  
l.398 ...lde{ǥ}(0,ɤ) =\) \(\{\widetilde{Ş}(0,ɤ
                                                  )\ \widetilde{M}(0,ɤ)\ \w...

You may provide a definition with
\DeclareUnicodeCharacter 


G:/work/Journal2LaTeX/backend/temp/07caaddf-7874-4f26-9a87-138693dc2d74/rendere
d/main.tex:398: LaTeX Error: Unicode character ɤ (U+0264)
               not set up for use with LaTeX.

See the LaTeX manual or LaTeX Companion for explanation.
Type  H <return>  for immediate help.
 ...                                              
                                                  
l.398 ...{\widetilde{Ş}(0,ɤ)\ \widetilde{M}(0,ɤ
                                                  )\ \widetilde{N}(0,ɤ)\ \w...

You may provide a definition with
\DeclareUnicodeCharacter 


G:/work/Journal2LaTeX/backend/temp/07caaddf-7874-4f26-9a87-138693dc2d74/rendere
d/main.tex:398: LaTeX Error: Unicode character ɤ (U+0264)
               not set up for use with LaTeX.

See the LaTeX manual or LaTeX Companion for explanation.
Type  H <return>  for immediate help.
 ...                                              
                                                  
l.398 ...\ \widetilde{M}(0,ɤ)\ \widetilde{N}(0,ɤ
                                                  )\ \widetilde{₳}(0,ɤ)\ ...

You may provide a definition with
\DeclareUnicodeCharacter 


G:/work/Journal2LaTeX/backend/temp/07caaddf-7874-4f26-9a87-138693dc2d74/rendere
d/main.tex:398: LaTeX Error: Unicode character ₳ (U+20B3)
               not set up for use with LaTeX.

See the LaTeX manual or LaTeX Companion for explanation.
Type  H <return>  for immediate help.
 ...                                              
                                                  
l.398 ...ɤ)\ \widetilde{N}(0,ɤ)\ \widetilde{₳}
                                                  (0,ɤ)\ \widetilde{ƚ}(0,�...

You may provide a definition with
\DeclareUnicodeCharacter 


G:/work/Journal2LaTeX/backend/temp/07caaddf-7874-4f26-9a87-138693dc2d74/rendere
d/main.tex:398: LaTeX Error: Unicode character ₳ (U+20B3)
               not set up for use with LaTeX.

See the LaTeX manual or LaTeX Companion for explanation.
Type  H <return>  for immediate help.
 ...                                              
                                                  
l.398 ...ɤ)\ \widetilde{N}(0,ɤ)\ \widetilde{₳}
                                                  (0,ɤ)\ \widetilde{ƚ}(0,�...

You may provide a definition with
\DeclareUnicodeCharacter 


G:/work/Journal2LaTeX/backend/temp/07caaddf-7874-4f26-9a87-138693dc2d74/rendere
d/main.tex:398: LaTeX Error: Unicode character ɤ (U+0264)
               not set up for use with LaTeX.

See the LaTeX manual or LaTeX Companion for explanation.
Type  H <return>  for immediate help.
 ...                                              
                                                  
l.398 ...\widetilde{N}(0,ɤ)\ \widetilde{₳}(0,ɤ
                                                  )\ \widetilde{ƚ}(0,ɤ)\ \...

You may provide a definition with
\DeclareUnicodeCharacter 


G:/work/Journal2LaTeX/backend/temp/07caaddf-7874-4f26-9a87-138693dc2d74/rendere
d/main.tex:398: LaTeX Error: Unicode character ƚ (U+019A)
               not set up for use with LaTeX.

See the LaTeX manual or LaTeX Companion for explanation.
Type  H <return>  for immediate help.
 ...                                              
                                                  
l.398 ...�)\ \widetilde{₳}(0,ɤ)\ \widetilde{ƚ}
                                                  (0,ɤ)\ \widetilde{Ɍ}(0,�...

You may provide a definition with
\DeclareUnicodeCharacter 


G:/work/Journal2LaTeX/backend/temp/07caaddf-7874-4f26-9a87-138693dc2d74/rendere
d/main.tex:398: LaTeX Error: Unicode character ƚ (U+019A)
               not set up for use with LaTeX.

See the LaTeX manual or LaTeX Companion for explanation.
Type  H <return>  for immediate help.
 ...                                              
                                                  
l.398 ...�)\ \widetilde{₳}(0,ɤ)\ \widetilde{ƚ}
                                                  (0,ɤ)\ \widetilde{Ɍ}(0,�...

You may provide a definition with
\DeclareUnicodeCharacter 


G:/work/Journal2LaTeX/backend/temp/07caaddf-7874-4f26-9a87-138693dc2d74/rendere
d/main.tex:398: LaTeX Error: Unicode character ɤ (U+0264)
               not set up for use with LaTeX.

See the LaTeX manual or LaTeX Companion for explanation.
Type  H <return>  for immediate help.
 ...                                              
                                                  
l.398 ...widetilde{₳}(0,ɤ)\ \widetilde{ƚ}(0,ɤ
                                                  )\ \widetilde{Ɍ}(0,ɤ)\\)
You may provide a definition with
\DeclareUnicodeCharacter 


G:/work/Journal2LaTeX/backend/temp/07caaddf-7874-4f26-9a87-138693dc2d74/rendere
d/main.tex:398: LaTeX Error: Unicode character Ɍ (U+024C)
               not set up for use with LaTeX.

See the LaTeX manual or LaTeX Companion for explanation.
Type  H <return>  for immediate help.
 ...                                              
                                                  
l.398 ...ɤ)\ \widetilde{ƚ}(0,ɤ)\ \widetilde{Ɍ}
                                                  (0,ɤ)\\)
You may provide a definition with
\DeclareUnicodeCharacter 


G:/work/Journal2LaTeX/backend/temp/07caaddf-7874-4f26-9a87-138693dc2d74/rendere
d/main.tex:398: LaTeX Error: Unicode character Ɍ (U+024C)
               not set up for use with LaTeX.

See the LaTeX manual or LaTeX Companion for explanation.
Type  H <return>  for immediate help.
 ...                                              
                                                  
l.398 ...ɤ)\ \widetilde{ƚ}(0,ɤ)\ \widetilde{Ɍ}
                                                  (0,ɤ)\\)
You may provide a definition with
\DeclareUnicodeCharacter 


G:/work/Journal2LaTeX/backend/temp/07caaddf-7874-4f26-9a87-138693dc2d74/rendere
d/main.tex:398: LaTeX Error: Unicode character ɤ (U+0264)
               not set up for use with LaTeX.

See the LaTeX manual or LaTeX Companion for explanation.
Type  H <return>  for immediate help.
 ...                                              
                                                  
l.398 ...\widetilde{ƚ}(0,ɤ)\ \widetilde{Ɍ}(0,ɤ
                                                  )\\)
You may provide a definition with
\DeclareUnicodeCharacter 

G:/work/Journal2LaTeX/backend/temp/07caaddf-7874-4f26-9a87-138693dc2d74/rendere
d/main.tex:399: Missing $ inserted.
<inserted text> 
                $
l.399 
      
I've inserted a begin-math/end-math symbol since I think
you left one out. Proceed, with fingers crossed.


G:/work/Journal2LaTeX/backend/temp/07caaddf-7874-4f26-9a87-138693dc2d74/rendere
d/main.tex:400: LaTeX Error: Unicode character ǥ (U+01E5)
               not set up for use with LaTeX.

See the LaTeX manual or LaTeX Companion for explanation.
Type  H <return>  for immediate help.
 ...                                              
                                                  
l.400 \(\Theta\left( t,\widetilde{ǥ}
                                     (t) \right) = \{\psi_{1}\left( t,Ş(t) ...

You may provide a definition with
\DeclareUnicodeCharacter 


G:/work/Journal2LaTeX/backend/temp/07caaddf-7874-4f26-9a87-138693dc2d74/rendere
d/main.tex:400: LaTeX Error: Unicode character ǥ (U+01E5)
               not set up for use with LaTeX.

See the LaTeX manual or LaTeX Companion for explanation.
Type  H <return>  for immediate help.
 ...                                              
                                                  
l.400 \(\Theta\left( t,\widetilde{ǥ}
                                     (t) \right) = \{\psi_{1}\left( t,Ş(t) ...

You may provide a definition with
\DeclareUnicodeCharacter 


LaTeX Warning: Command \c invalid in math mode on input line 400.


G:/work/Journal2LaTeX/backend/temp/07caaddf-7874-4f26-9a87-138693dc2d74/rendere
d/main.tex:400: LaTeX Error: Unicode character ₳ (U+20B3)
               not set up for use with LaTeX.

See the LaTeX manual or LaTeX Companion for explanation.
Type  H <return>  for immediate help.
 ...                                              
                                                  
l.400 ...eft( t,N(t) \right)\ \psi_{3}\left( t,₳
                                                  (t) \right)\ \psi_{4}\left...

You may provide a definition with
\DeclareUnicodeCharacter 


G:/work/Journal2LaTeX/backend/temp/07caaddf-7874-4f26-9a87-138693dc2d74/rendere
d/main.tex:400: LaTeX Error: Unicode character ƚ (U+019A)
               not set up for use with LaTeX.

See the LaTeX manual or LaTeX Companion for explanation.
Type  H <return>  for immediate help.
 ...                                              
                                                  
l.400 ...ft( t,₳(t) \right)\ \psi_{4}\left( t,ƚ
                                                  (t) \right)\ \psi_{5}\left...

You may provide a definition with
\DeclareUnicodeCharacter 


G:/work/Journal2LaTeX/backend/temp/07caaddf-7874-4f26-9a87-138693dc2d74/rendere
d/main.tex:400: LaTeX Error: Unicode character Ɍ (U+024C)
               not set up for use with LaTeX.

See the LaTeX manual or LaTeX Companion for explanation.
Type  H <return>  for immediate help.
 ...                                              
                                                  
l.400 ...eft( t,ƚ(t) \right)\ \psi_{5}\left( t,Ɍ
                                                  (t) \right)\\)
You may provide a definition with
\DeclareUnicodeCharacter 

G:/work/Journal2LaTeX/backend/temp/07caaddf-7874-4f26-9a87-138693dc2d74/rendere
d/main.tex:401: Missing $ inserted.
<inserted text> 
                $
l.401 
      
I've inserted a begin-math/end-math symbol since I think
you left one out. Proceed, with fingers crossed.


G:/work/Journal2LaTeX/backend/temp/07caaddf-7874-4f26-9a87-138693dc2d74/rendere
d/main.tex:404: LaTeX Error: Unicode character Ƥ (U+01A4)
               not set up for use with LaTeX.

See the LaTeX manual or LaTeX Companion for explanation.
Type  H <return>  for immediate help.
 ...                                              
                                                  
l.404 (A1) There exists a constant \(Ƥ
                                       _{ǥ} > 0\) and \(Ɋ_{ǥ} > 0\ \ni \\)
You may provide a definition with
\DeclareUnicodeCharacter 


G:/work/Journal2LaTeX/backend/temp/07caaddf-7874-4f26-9a87-138693dc2d74/rendere
d/main.tex:404: LaTeX Error: Unicode character ǥ (U+01E5)
               not set up for use with LaTeX.

See the LaTeX manual or LaTeX Companion for explanation.
Type  H <return>  for immediate help.
 ...                                              
                                                  
l.404 (A1) There exists a constant \(Ƥ_{ǥ
                                           } > 0\) and \(Ɋ_{ǥ} > 0\ \ni \\)
You may provide a definition with
\DeclareUnicodeCharacter 


G:/work/Journal2LaTeX/backend/temp/07caaddf-7874-4f26-9a87-138693dc2d74/rendere
d/main.tex:404: LaTeX Error: Unicode character Ɋ (U+024A)
               not set up for use with LaTeX.

See the LaTeX manual or LaTeX Companion for explanation.
Type  H <return>  for immediate help.
 ...                                              
                                                  
l.404 ...xists a constant \(Ƥ_{ǥ} > 0\) and \(Ɋ
                                                  _{ǥ} > 0\ \ni \\)
You may provide a definition with
\DeclareUnicodeCharacter 


G:/work/Journal2LaTeX/backend/temp/07caaddf-7874-4f26-9a87-138693dc2d74/rendere
d/main.tex:404: LaTeX Error: Unicode character ǥ (U+01E5)
               not set up for use with LaTeX.

See the LaTeX manual or LaTeX Companion for explanation.
Type  H <return>  for immediate help.
 ...                                              
                                                  
l.404 ...s a constant \(Ƥ_{ǥ} > 0\) and \(Ɋ_{ǥ
                                                  } > 0\ \ni \\)
You may provide a definition with
\DeclareUnicodeCharacter 

G:/work/Journal2LaTeX/backend/temp/07caaddf-7874-4f26-9a87-138693dc2d74/rendere
d/main.tex:405: Missing $ inserted.
<inserted text> 
                $
l.405 
      
I've inserted a begin-math/end-math symbol since I think
you left one out. Proceed, with fingers crossed.


G:/work/Journal2LaTeX/backend/temp/07caaddf-7874-4f26-9a87-138693dc2d74/rendere
d/main.tex:406: LaTeX Error: Unicode character ǥ (U+01E5)
               not set up for use with LaTeX.

See the LaTeX manual or LaTeX Companion for explanation.
Type  H <return>  for immediate help.
 ...                                              
                                                  
l.406 \(\left| \Theta\left( t,\widetilde{ǥ}
                                            (t) \right) \right| \leq Ƥ_{ǥ}...

You may provide a definition with
\DeclareUnicodeCharacter 


G:/work/Journal2LaTeX/backend/temp/07caaddf-7874-4f26-9a87-138693dc2d74/rendere
d/main.tex:406: LaTeX Error: Unicode character ǥ (U+01E5)
               not set up for use with LaTeX.

See the LaTeX manual or LaTeX Companion for explanation.
Type  H <return>  for immediate help.
 ...                                              
                                                  
l.406 \(\left| \Theta\left( t,\widetilde{ǥ}
                                            (t) \right) \right| \leq Ƥ_{ǥ}...

You may provide a definition with
\DeclareUnicodeCharacter 


G:/work/Journal2LaTeX/backend/temp/07caaddf-7874-4f26-9a87-138693dc2d74/rendere
d/main.tex:406: LaTeX Error: Unicode character Ƥ (U+01A4)
               not set up for use with LaTeX.

See the LaTeX manual or LaTeX Companion for explanation.
Type  H <return>  for immediate help.
 ...                                              
                                                  
l.406 ...\widetilde{ǥ}(t) \right) \right| \leq Ƥ
                                                  _{ǥ}\left| \widetilde{ǥ}...

You may provide a definition with
\DeclareUnicodeCharacter 


G:/work/Journal2LaTeX/backend/temp/07caaddf-7874-4f26-9a87-138693dc2d74/rendere
d/main.tex:406: LaTeX Error: Unicode character ǥ (U+01E5)
               not set up for use with LaTeX.

See the LaTeX manual or LaTeX Companion for explanation.
Type  H <return>  for immediate help.
 ...                                              
                                                  
l.406 ...etilde{ǥ}(t) \right) \right| \leq Ƥ_{ǥ
                                                  }\left| \widetilde{ǥ}(t) ...

You may provide a definition with
\DeclareUnicodeCharacter 


G:/work/Journal2LaTeX/backend/temp/07caaddf-7874-4f26-9a87-138693dc2d74/rendere
d/main.tex:406: LaTeX Error: Unicode character ǥ (U+01E5)
               not set up for use with LaTeX.

See the LaTeX manual or LaTeX Companion for explanation.
Type  H <return>  for immediate help.
 ...                                              
                                                  
l.406 ...\right| \leq Ƥ_{ǥ}\left| \widetilde{ǥ}
                                                  (t) \right| + Ɋ_{ǥ}\\) (7)
You may provide a definition with
\DeclareUnicodeCharacter 


G:/work/Journal2LaTeX/backend/temp/07caaddf-7874-4f26-9a87-138693dc2d74/rendere
d/main.tex:406: LaTeX Error: Unicode character ǥ (U+01E5)
               not set up for use with LaTeX.

See the LaTeX manual or LaTeX Companion for explanation.
Type  H <return>  for immediate help.
 ...                                              
                                                  
l.406 ...\right| \leq Ƥ_{ǥ}\left| \widetilde{ǥ}
                                                  (t) \right| + Ɋ_{ǥ}\\) (7)
You may provide a definition with
\DeclareUnicodeCharacter 


G:/work/Journal2LaTeX/backend/temp/07caaddf-7874-4f26-9a87-138693dc2d74/rendere
d/main.tex:406: LaTeX Error: Unicode character Ɋ (U+024A)
               not set up for use with LaTeX.

See the LaTeX manual or LaTeX Companion for explanation.
Type  H <return>  for immediate help.
 ...                                              
                                                  
l.406 ...{ǥ}\left| \widetilde{ǥ}(t) \right| + Ɋ
                                                  _{ǥ}\\) (7)
You may provide a definition with
\DeclareUnicodeCharacter 


G:/work/Journal2LaTeX/backend/temp/07caaddf-7874-4f26-9a87-138693dc2d74/rendere
d/main.tex:406: LaTeX Error: Unicode character ǥ (U+01E5)
               not set up for use with LaTeX.

See the LaTeX manual or LaTeX Companion for explanation.
Type  H <return>  for immediate help.
 ...                                              
                                                  
l.406 ...\left| \widetilde{ǥ}(t) \right| + Ɋ_{ǥ
                                                  }\\) (7)
You may provide a definition with
\DeclareUnicodeCharacter 

G:/work/Journal2LaTeX/backend/temp/07caaddf-7874-4f26-9a87-138693dc2d74/rendere
d/main.tex:407: Missing $ inserted.
<inserted text> 
                $
l.407 
      
I've inserted a begin-math/end-math symbol since I think
you left one out. Proceed, with fingers crossed.


G:/work/Journal2LaTeX/backend/temp/07caaddf-7874-4f26-9a87-138693dc2d74/rendere
d/main.tex:408: LaTeX Error: Unicode character К (U+041A)
               not set up for use with LaTeX.

See the LaTeX manual or LaTeX Companion for explanation.
Type  H <return>  for immediate help.
 ...                                              
                                                  
l.408 (A2) There exists constant \(К
                                     _{ǥ} > 0\) such that for each \({\wide...

You may provide a definition with
\DeclareUnicodeCharacter 


G:/work/Journal2LaTeX/backend/temp/07caaddf-7874-4f26-9a87-138693dc2d74/rendere
d/main.tex:408: LaTeX Error: Unicode character ǥ (U+01E5)
               not set up for use with LaTeX.

See the LaTeX manual or LaTeX Companion for explanation.
Type  H <return>  for immediate help.
 ...                                              
                                                  
l.408 (A2) There exists constant \(К_{ǥ
                                         } > 0\) such that for each \({\wide...

You may provide a definition with
\DeclareUnicodeCharacter 


G:/work/Journal2LaTeX/backend/temp/07caaddf-7874-4f26-9a87-138693dc2d74/rendere
d/main.tex:408: LaTeX Error: Unicode character ǥ (U+01E5)
               not set up for use with LaTeX.

See the LaTeX manual or LaTeX Companion for explanation.
Type  H <return>  for immediate help.
 ...                                              
                                                  
l.408 ... 0\) such that for each \({\widetilde{ǥ}
                                                  }_{1},{\widetilde{ǥ}}_{2}...

You may provide a definition with
\DeclareUnicodeCharacter 


G:/work/Journal2LaTeX/backend/temp/07caaddf-7874-4f26-9a87-138693dc2d74/rendere
d/main.tex:408: LaTeX Error: Unicode character ǥ (U+01E5)
               not set up for use with LaTeX.

See the LaTeX manual or LaTeX Companion for explanation.
Type  H <return>  for immediate help.
 ...                                              
                                                  
l.408 ... 0\) such that for each \({\widetilde{ǥ}
                                                  }_{1},{\widetilde{ǥ}}_{2}...

You may provide a definition with
\DeclareUnicodeCharacter 


G:/work/Journal2LaTeX/backend/temp/07caaddf-7874-4f26-9a87-138693dc2d74/rendere
d/main.tex:408: LaTeX Error: Unicode character ǥ (U+01E5)
               not set up for use with LaTeX.

See the LaTeX manual or LaTeX Companion for explanation.
Type  H <return>  for immediate help.
 ...                                              
                                                  
l.408 ...ch \({\widetilde{ǥ}}_{1},{\widetilde{ǥ}
                                                  }_{2} \in Ꞗ\) we have
You may provide a definition with
\DeclareUnicodeCharacter 


G:/work/Journal2LaTeX/backend/temp/07caaddf-7874-4f26-9a87-138693dc2d74/rendere
d/main.tex:408: LaTeX Error: Unicode character ǥ (U+01E5)
               not set up for use with LaTeX.

See the LaTeX manual or LaTeX Companion for explanation.
Type  H <return>  for immediate help.
 ...                                              
                                                  
l.408 ...ch \({\widetilde{ǥ}}_{1},{\widetilde{ǥ}
                                                  }_{2} \in Ꞗ\) we have
You may provide a definition with
\DeclareUnicodeCharacter 


G:/work/Journal2LaTeX/backend/temp/07caaddf-7874-4f26-9a87-138693dc2d74/rendere
d/main.tex:408: LaTeX Error: Unicode character Ꞗ (U+A796)
               not set up for use with LaTeX.

See the LaTeX manual or LaTeX Companion for explanation.
Type  H <return>  for immediate help.
 ...                                              
                                                  
l.408 ...lde{ǥ}}_{1},{\widetilde{ǥ}}_{2} \in Ꞗ
                                                  \) we have
You may provide a definition with
\DeclareUnicodeCharacter 


G:/work/Journal2LaTeX/backend/temp/07caaddf-7874-4f26-9a87-138693dc2d74/rendere
d/main.tex:410: LaTeX Error: Unicode character ǥ (U+01E5)
               not set up for use with LaTeX.

See the LaTeX manual or LaTeX Companion for explanation.
Type  H <return>  for immediate help.
 ...                                              
                                                  
l.410 \(\left| \Theta\left( t,\ {\widetilde{ǥ}
                                               }_{1}(t) \right) - \Theta\lef...

You may provide a definition with
\DeclareUnicodeCharacter 


G:/work/Journal2LaTeX/backend/temp/07caaddf-7874-4f26-9a87-138693dc2d74/rendere
d/main.tex:410: LaTeX Error: Unicode character ǥ (U+01E5)
               not set up for use with LaTeX.

See the LaTeX manual or LaTeX Companion for explanation.
Type  H <return>  for immediate help.
 ...                                              
                                                  
l.410 \(\left| \Theta\left( t,\ {\widetilde{ǥ}
                                               }_{1}(t) \right) - \Theta\lef...

You may provide a definition with
\DeclareUnicodeCharacter 


G:/work/Journal2LaTeX/backend/temp/07caaddf-7874-4f26-9a87-138693dc2d74/rendere
d/main.tex:410: LaTeX Error: Unicode character ǥ (U+01E5)
               not set up for use with LaTeX.

See the LaTeX manual or LaTeX Companion for explanation.
Type  H <return>  for immediate help.
 ...                                              
                                                  
l.410 ...right) - \Theta\left( t,\ {\widetilde{ǥ}
                                                  }_{2}(t) \right) \right| \...

You may provide a definition with
\DeclareUnicodeCharacter 


G:/work/Journal2LaTeX/backend/temp/07caaddf-7874-4f26-9a87-138693dc2d74/rendere
d/main.tex:410: LaTeX Error: Unicode character ǥ (U+01E5)
               not set up for use with LaTeX.

See the LaTeX manual or LaTeX Companion for explanation.
Type  H <return>  for immediate help.
 ...                                              
                                                  
l.410 ...right) - \Theta\left( t,\ {\widetilde{ǥ}
                                                  }_{2}(t) \right) \right| \...

You may provide a definition with
\DeclareUnicodeCharacter 


G:/work/Journal2LaTeX/backend/temp/07caaddf-7874-4f26-9a87-138693dc2d74/rendere
d/main.tex:410: LaTeX Error: Unicode character К (U+041A)
               not set up for use with LaTeX.

See the LaTeX manual or LaTeX Companion for explanation.
Type  H <return>  for immediate help.
 ...                                              
                                                  
l.410 ...tilde{ǥ}}_{2}(t) \right) \right| \leq К
                                                  _{ǥ}\left| \ {\widetilde{...

You may provide a definition with
\DeclareUnicodeCharacter 


G:/work/Journal2LaTeX/backend/temp/07caaddf-7874-4f26-9a87-138693dc2d74/rendere
d/main.tex:410: LaTeX Error: Unicode character ǥ (U+01E5)
               not set up for use with LaTeX.

See the LaTeX manual or LaTeX Companion for explanation.
Type  H <return>  for immediate help.
 ...                                              
                                                  
l.410 ...e{ǥ}}_{2}(t) \right) \right| \leq К_{ǥ
                                                  }\left| \ {\widetilde{ǥ}}...

You may provide a definition with
\DeclareUnicodeCharacter 


G:/work/Journal2LaTeX/backend/temp/07caaddf-7874-4f26-9a87-138693dc2d74/rendere
d/main.tex:410: LaTeX Error: Unicode character ǥ (U+01E5)
               not set up for use with LaTeX.

See the LaTeX manual or LaTeX Companion for explanation.
Type  H <return>  for immediate help.
 ...                                              
                                                  
l.410 ...ght| \leq К_{ǥ}\left| \ {\widetilde{ǥ}
                                                  }_{1}(t) - \ {\widetilde{�...

You may provide a definition with
\DeclareUnicodeCharacter 


G:/work/Journal2LaTeX/backend/temp/07caaddf-7874-4f26-9a87-138693dc2d74/rendere
d/main.tex:410: LaTeX Error: Unicode character ǥ (U+01E5)
               not set up for use with LaTeX.

See the LaTeX manual or LaTeX Companion for explanation.
Type  H <return>  for immediate help.
 ...                                              
                                                  
l.410 ...ght| \leq К_{ǥ}\left| \ {\widetilde{ǥ}
                                                  }_{1}(t) - \ {\widetilde{�...

You may provide a definition with
\DeclareUnicodeCharacter 


G:/work/Journal2LaTeX/backend/temp/07caaddf-7874-4f26-9a87-138693dc2d74/rendere
d/main.tex:410: LaTeX Error: Unicode character ǥ (U+01E5)
               not set up for use with LaTeX.

See the LaTeX manual or LaTeX Companion for explanation.
Type  H <return>  for immediate help.
 ...                                              
                                                  
l.410 ...widetilde{ǥ}}_{1}(t) - \ {\widetilde{ǥ}
                                                  }_{2}(t) \right|\) (8)
You may provide a definition with
\DeclareUnicodeCharacter 


G:/work/Journal2LaTeX/backend/temp/07caaddf-7874-4f26-9a87-138693dc2d74/rendere
d/main.tex:410: LaTeX Error: Unicode character ǥ (U+01E5)
               not set up for use with LaTeX.

See the LaTeX manual or LaTeX Companion for explanation.
Type  H <return>  for immediate help.
 ...                                              
                                                  
l.410 ...widetilde{ǥ}}_{1}(t) - \ {\widetilde{ǥ}
                                                  }_{2}(t) \right|\) (8)
You may provide a definition with
\DeclareUnicodeCharacter 


G:/work/Journal2LaTeX/backend/temp/07caaddf-7874-4f26-9a87-138693dc2d74/rendere
d/main.tex:416: LaTeX Error: Unicode character Ơ (U+01A0)
               not set up for use with LaTeX.

See the LaTeX manual or LaTeX Companion for explanation.
Type  H <return>  for immediate help.
 ...                                              
                                                  
l.416 \(Ơ
           = \left\{ \widetilde{ǥ}(t) \in Ꞗ:\|\widetilde{ǥ}(t)\| \leq ɤ...

You may provide a definition with
\DeclareUnicodeCharacter 


G:/work/Journal2LaTeX/backend/temp/07caaddf-7874-4f26-9a87-138693dc2d74/rendere
d/main.tex:416: LaTeX Error: Unicode character ǥ (U+01E5)
               not set up for use with LaTeX.

See the LaTeX manual or LaTeX Companion for explanation.
Type  H <return>  for immediate help.
 ...                                              
                                                  
l.416 \(Ơ = \left\{ \widetilde{ǥ}
                                   (t) \in Ꞗ:\|\widetilde{ǥ}(t)\| \leq ɤ...

You may provide a definition with
\DeclareUnicodeCharacter 


G:/work/Journal2LaTeX/backend/temp/07caaddf-7874-4f26-9a87-138693dc2d74/rendere
d/main.tex:416: LaTeX Error: Unicode character ǥ (U+01E5)
               not set up for use with LaTeX.

See the LaTeX manual or LaTeX Companion for explanation.
Type  H <return>  for immediate help.
 ...                                              
                                                  
l.416 \(Ơ = \left\{ \widetilde{ǥ}
                                   (t) \in Ꞗ:\|\widetilde{ǥ}(t)\| \leq ɤ...

You may provide a definition with
\DeclareUnicodeCharacter 


G:/work/Journal2LaTeX/backend/temp/07caaddf-7874-4f26-9a87-138693dc2d74/rendere
d/main.tex:416: LaTeX Error: Unicode character Ꞗ (U+A796)
               not set up for use with LaTeX.

See the LaTeX manual or LaTeX Companion for explanation.
Type  H <return>  for immediate help.
 ...                                              
                                                  
l.416 \(Ơ = \left\{ \widetilde{ǥ}(t) \in Ꞗ
                                              :\|\widetilde{ǥ}(t)\| \leq ɤ...

You may provide a definition with
\DeclareUnicodeCharacter 


G:/work/Journal2LaTeX/backend/temp/07caaddf-7874-4f26-9a87-138693dc2d74/rendere
d/main.tex:416: LaTeX Error: Unicode character ǥ (U+01E5)
               not set up for use with LaTeX.

See the LaTeX manual or LaTeX Companion for explanation.
Type  H <return>  for immediate help.
 ...                                              
                                                  
l.416 ...widetilde{ǥ}(t) \in Ꞗ:\|\widetilde{ǥ}
                                                  (t)\| \leq ɤ \right\} \su...

You may provide a definition with
\DeclareUnicodeCharacter 


G:/work/Journal2LaTeX/backend/temp/07caaddf-7874-4f26-9a87-138693dc2d74/rendere
d/main.tex:416: LaTeX Error: Unicode character ǥ (U+01E5)
               not set up for use with LaTeX.

See the LaTeX manual or LaTeX Companion for explanation.
Type  H <return>  for immediate help.
 ...                                              
                                                  
l.416 ...widetilde{ǥ}(t) \in Ꞗ:\|\widetilde{ǥ}
                                                  (t)\| \leq ɤ \right\} \su...

You may provide a definition with
\DeclareUnicodeCharacter 


G:/work/Journal2LaTeX/backend/temp/07caaddf-7874-4f26-9a87-138693dc2d74/rendere
d/main.tex:416: LaTeX Error: Unicode character ɤ (U+0264)
               not set up for use with LaTeX.

See the LaTeX manual or LaTeX Companion for explanation.
Type  H <return>  for immediate help.
 ...                                              
                                                  
l.416 ...(t) \in Ꞗ:\|\widetilde{ǥ}(t)\| \leq ɤ
                                                   \right\} \subset Ꞗ\) be...

You may provide a definition with
\DeclareUnicodeCharacter 


G:/work/Journal2LaTeX/backend/temp/07caaddf-7874-4f26-9a87-138693dc2d74/rendere
d/main.tex:416: LaTeX Error: Unicode character Ꞗ (U+A796)
               not set up for use with LaTeX.

See the LaTeX manual or LaTeX Companion for explanation.
Type  H <return>  for immediate help.
 ...                                              
                                                  
l.416 ...lde{ǥ}(t)\| \leq ɤ \right\} \subset Ꞗ
                                                  \) be a convex and closed ...

You may provide a definition with
\DeclareUnicodeCharacter 


G:/work/Journal2LaTeX/backend/temp/07caaddf-7874-4f26-9a87-138693dc2d74/rendere
d/main.tex:418: LaTeX Error: Unicode character Ѵ (U+0474)
               not set up for use with LaTeX.

See the LaTeX manual or LaTeX Companion for explanation.
Type  H <return>  for immediate help.
 ...                                              
                                                  
l.418 Taking the mapping \(Ѵ
                             :Ơ \rightarrow Ơ\) such that
You may provide a definition with
\DeclareUnicodeCharacter 


G:/work/Journal2LaTeX/backend/temp/07caaddf-7874-4f26-9a87-138693dc2d74/rendere
d/main.tex:418: LaTeX Error: Unicode character Ơ (U+01A0)
               not set up for use with LaTeX.

See the LaTeX manual or LaTeX Companion for explanation.
Type  H <return>  for immediate help.
 ...                                              
                                                  
l.418 Taking the mapping \(Ѵ:Ơ
                                 \rightarrow Ơ\) such that
You may provide a definition with
\DeclareUnicodeCharacter 


G:/work/Journal2LaTeX/backend/temp/07caaddf-7874-4f26-9a87-138693dc2d74/rendere
d/main.tex:418: LaTeX Error: Unicode character Ơ (U+01A0)
               not set up for use with LaTeX.

See the LaTeX manual or LaTeX Companion for explanation.
Type  H <return>  for immediate help.
 ...                                              
                                                  
l.418 Taking the mapping \(Ѵ:Ơ \rightarrow Ơ
                                               \) such that
You may provide a definition with
\DeclareUnicodeCharacter 


G:/work/Journal2LaTeX/backend/temp/07caaddf-7874-4f26-9a87-138693dc2d74/rendere
d/main.tex:420: LaTeX Error: Unicode character Ѵ (U+0474)
               not set up for use with LaTeX.

See the LaTeX manual or LaTeX Companion for explanation.
Type  H <return>  for immediate help.
 ...                                              
                                                  
l.420 \(Ѵ
          \left( \widetilde{ǥ}(t) \right) = \widetilde{ǥ}(0,ɤ) + \frac{1}...

You may provide a definition with
\DeclareUnicodeCharacter 


G:/work/Journal2LaTeX/backend/temp/07caaddf-7874-4f26-9a87-138693dc2d74/rendere
d/main.tex:420: LaTeX Error: Unicode character ǥ (U+01E5)
               not set up for use with LaTeX.

See the LaTeX manual or LaTeX Companion for explanation.
Type  H <return>  for immediate help.
 ...                                              
                                                  
l.420 \(Ѵ\left( \widetilde{ǥ}
                               (t) \right) = \widetilde{ǥ}(0,ɤ) + \frac{1}...

You may provide a definition with
\DeclareUnicodeCharacter 


G:/work/Journal2LaTeX/backend/temp/07caaddf-7874-4f26-9a87-138693dc2d74/rendere
d/main.tex:420: LaTeX Error: Unicode character ǥ (U+01E5)
               not set up for use with LaTeX.

See the LaTeX manual or LaTeX Companion for explanation.
Type  H <return>  for immediate help.
 ...                                              
                                                  
l.420 \(Ѵ\left( \widetilde{ǥ}
                               (t) \right) = \widetilde{ǥ}(0,ɤ) + \frac{1}...

You may provide a definition with
\DeclareUnicodeCharacter 


G:/work/Journal2LaTeX/backend/temp/07caaddf-7874-4f26-9a87-138693dc2d74/rendere
d/main.tex:420: LaTeX Error: Unicode character ǥ (U+01E5)
               not set up for use with LaTeX.

See the LaTeX manual or LaTeX Companion for explanation.
Type  H <return>  for immediate help.
 ...                                              
                                                  
l.420 ...widetilde{ǥ}(t) \right) = \widetilde{ǥ}
                                                  (0,ɤ) + \frac{1}{\lceil\v...

You may provide a definition with
\DeclareUnicodeCharacter 


G:/work/Journal2LaTeX/backend/temp/07caaddf-7874-4f26-9a87-138693dc2d74/rendere
d/main.tex:420: LaTeX Error: Unicode character ǥ (U+01E5)
               not set up for use with LaTeX.

See the LaTeX manual or LaTeX Companion for explanation.
Type  H <return>  for immediate help.
 ...                                              
                                                  
l.420 ...widetilde{ǥ}(t) \right) = \widetilde{ǥ}
                                                  (0,ɤ) + \frac{1}{\lceil\v...

You may provide a definition with
\DeclareUnicodeCharacter 


G:/work/Journal2LaTeX/backend/temp/07caaddf-7874-4f26-9a87-138693dc2d74/rendere
d/main.tex:420: LaTeX Error: Unicode character ɤ (U+0264)
               not set up for use with LaTeX.

See the LaTeX manual or LaTeX Companion for explanation.
Type  H <return>  for immediate help.
 ...                                              
                                                  
l.420 ...ilde{ǥ}(t) \right) = \widetilde{ǥ}(0,ɤ
                                                  ) + \frac{1}{\lceil\varthe...

You may provide a definition with
\DeclareUnicodeCharacter 


G:/work/Journal2LaTeX/backend/temp/07caaddf-7874-4f26-9a87-138693dc2d74/rendere
d/main.tex:420: LaTeX Error: Unicode character ǥ (U+01E5)
               not set up for use with LaTeX.

See the LaTeX manual or LaTeX Companion for explanation.
Type  H <return>  for immediate help.
 ...                                              
                                                  
l.420 ...eta - 1}\ \Theta\left( \xi,\widetilde{ǥ}
                                                  (\xi) \right)\ d\xi\)
You may provide a definition with
\DeclareUnicodeCharacter 


G:/work/Journal2LaTeX/backend/temp/07caaddf-7874-4f26-9a87-138693dc2d74/rendere
d/main.tex:420: LaTeX Error: Unicode character ǥ (U+01E5)
               not set up for use with LaTeX.

See the LaTeX manual or LaTeX Companion for explanation.
Type  H <return>  for immediate help.
 ...                                              
                                                  
l.420 ...eta - 1}\ \Theta\left( \xi,\widetilde{ǥ}
                                                  (\xi) \right)\ d\xi\)
You may provide a definition with
\DeclareUnicodeCharacter 


G:/work/Journal2LaTeX/backend/temp/07caaddf-7874-4f26-9a87-138693dc2d74/rendere
d/main.tex:422: LaTeX Error: Unicode character ǥ (U+01E5)
               not set up for use with LaTeX.

See the LaTeX manual or LaTeX Companion for explanation.
Type  H <return>  for immediate help.
 ...                                              
                                                  
l.422 For any \(\widetilde{ǥ}
                              (t) \in Ơ\), one can obtain
You may provide a definition with
\DeclareUnicodeCharacter 


G:/work/Journal2LaTeX/backend/temp/07caaddf-7874-4f26-9a87-138693dc2d74/rendere
d/main.tex:422: LaTeX Error: Unicode character ǥ (U+01E5)
               not set up for use with LaTeX.

See the LaTeX manual or LaTeX Companion for explanation.
Type  H <return>  for immediate help.
 ...                                              
                                                  
l.422 For any \(\widetilde{ǥ}
                              (t) \in Ơ\), one can obtain
You may provide a definition with
\DeclareUnicodeCharacter 


G:/work/Journal2LaTeX/backend/temp/07caaddf-7874-4f26-9a87-138693dc2d74/rendere
d/main.tex:422: LaTeX Error: Unicode character Ơ (U+01A0)
               not set up for use with LaTeX.

See the LaTeX manual or LaTeX Companion for explanation.
Type  H <return>  for immediate help.
 ...                                              
                                                  
l.422 For any \(\widetilde{ǥ}(t) \in Ơ
                                        \), one can obtain
You may provide a definition with
\DeclareUnicodeCharacter 


G:/work/Journal2LaTeX/backend/temp/07caaddf-7874-4f26-9a87-138693dc2d74/rendere
d/main.tex:424: LaTeX Error: Unicode character Ѵ (U+0474)
               not set up for use with LaTeX.

See the LaTeX manual or LaTeX Companion for explanation.
Type  H <return>  for immediate help.
 ...                                              
                                                  
l.424 \(\| Ѵ
             \left( \widetilde{ǥ}(t) \right)\| = \left| \widetilde{ǥ}(0,ɤ...

You may provide a definition with
\DeclareUnicodeCharacter 


G:/work/Journal2LaTeX/backend/temp/07caaddf-7874-4f26-9a87-138693dc2d74/rendere
d/main.tex:424: LaTeX Error: Unicode character ǥ (U+01E5)
               not set up for use with LaTeX.

See the LaTeX manual or LaTeX Companion for explanation.
Type  H <return>  for immediate help.
 ...                                              
                                                  
l.424 \(\| Ѵ\left( \widetilde{ǥ}
                                  (t) \right)\| = \left| \widetilde{ǥ}(0,ɤ...

You may provide a definition with
\DeclareUnicodeCharacter 


G:/work/Journal2LaTeX/backend/temp/07caaddf-7874-4f26-9a87-138693dc2d74/rendere
d/main.tex:424: LaTeX Error: Unicode character ǥ (U+01E5)
               not set up for use with LaTeX.

See the LaTeX manual or LaTeX Companion for explanation.
Type  H <return>  for immediate help.
 ...                                              
                                                  
l.424 \(\| Ѵ\left( \widetilde{ǥ}
                                  (t) \right)\| = \left| \widetilde{ǥ}(0,ɤ...

You may provide a definition with
\DeclareUnicodeCharacter 


G:/work/Journal2LaTeX/backend/temp/07caaddf-7874-4f26-9a87-138693dc2d74/rendere
d/main.tex:424: LaTeX Error: Unicode character ǥ (U+01E5)
               not set up for use with LaTeX.

See the LaTeX manual or LaTeX Companion for explanation.
Type  H <return>  for immediate help.
 ...                                              
                                                  
l.424 ...{ǥ}(t) \right)\| = \left| \widetilde{ǥ}
                                                  (0,ɤ) + \frac{1}{\lceil\v...

You may provide a definition with
\DeclareUnicodeCharacter 


G:/work/Journal2LaTeX/backend/temp/07caaddf-7874-4f26-9a87-138693dc2d74/rendere
d/main.tex:424: LaTeX Error: Unicode character ǥ (U+01E5)
               not set up for use with LaTeX.

See the LaTeX manual or LaTeX Companion for explanation.
Type  H <return>  for immediate help.
 ...                                              
                                                  
l.424 ...{ǥ}(t) \right)\| = \left| \widetilde{ǥ}
                                                  (0,ɤ) + \frac{1}{\lceil\v...

You may provide a definition with
\DeclareUnicodeCharacter 


G:/work/Journal2LaTeX/backend/temp/07caaddf-7874-4f26-9a87-138693dc2d74/rendere
d/main.tex:424: LaTeX Error: Unicode character ɤ (U+0264)
               not set up for use with LaTeX.

See the LaTeX manual or LaTeX Companion for explanation.
Type  H <return>  for immediate help.
 ...                                              
                                                  
l.424 ...t) \right)\| = \left| \widetilde{ǥ}(0,ɤ
                                                  ) + \frac{1}{\lceil\varthe...

You may provide a definition with
\DeclareUnicodeCharacter 


G:/work/Journal2LaTeX/backend/temp/07caaddf-7874-4f26-9a87-138693dc2d74/rendere
d/main.tex:424: LaTeX Error: Unicode character ǥ (U+01E5)
               not set up for use with LaTeX.

See the LaTeX manual or LaTeX Companion for explanation.
Type  H <return>  for immediate help.
 ...                                              
                                                  
l.424 ...eta - 1}\ \Theta\left( \xi,\widetilde{ǥ}
                                                  (\xi) \right)\ d\xi \right...

You may provide a definition with
\DeclareUnicodeCharacter 


G:/work/Journal2LaTeX/backend/temp/07caaddf-7874-4f26-9a87-138693dc2d74/rendere
d/main.tex:424: LaTeX Error: Unicode character ǥ (U+01E5)
               not set up for use with LaTeX.

See the LaTeX manual or LaTeX Companion for explanation.
Type  H <return>  for immediate help.
 ...                                              
                                                  
l.424 ...eta - 1}\ \Theta\left( \xi,\widetilde{ǥ}
                                                  (\xi) \right)\ d\xi \right...

You may provide a definition with
\DeclareUnicodeCharacter 

G:/work/Journal2LaTeX/backend/temp/07caaddf-7874-4f26-9a87-138693dc2d74/rendere
d/main.tex:425: Missing $ inserted.
<inserted text> 
                $
l.425 
      
I've inserted a begin-math/end-math symbol since I think
you left one out. Proceed, with fingers crossed.


G:/work/Journal2LaTeX/backend/temp/07caaddf-7874-4f26-9a87-138693dc2d74/rendere
d/main.tex:426: LaTeX Error: Unicode character ǥ (U+01E5)
               not set up for use with LaTeX.

See the LaTeX manual or LaTeX Companion for explanation.
Type  H <return>  for immediate help.
 ...                                              
                                                  
l.426 \(\leq \left| \widetilde{ǥ}
                                  (0,ɤ) \right| + \frac{1}{\lceil\vartheta}...

You may provide a definition with
\DeclareUnicodeCharacter 


G:/work/Journal2LaTeX/backend/temp/07caaddf-7874-4f26-9a87-138693dc2d74/rendere
d/main.tex:426: LaTeX Error: Unicode character ǥ (U+01E5)
               not set up for use with LaTeX.

See the LaTeX manual or LaTeX Companion for explanation.
Type  H <return>  for immediate help.
 ...                                              
                                                  
l.426 \(\leq \left| \widetilde{ǥ}
                                  (0,ɤ) \right| + \frac{1}{\lceil\vartheta}...

You may provide a definition with
\DeclareUnicodeCharacter 


G:/work/Journal2LaTeX/backend/temp/07caaddf-7874-4f26-9a87-138693dc2d74/rendere
d/main.tex:426: LaTeX Error: Unicode character ɤ (U+0264)
               not set up for use with LaTeX.

See the LaTeX manual or LaTeX Companion for explanation.
Type  H <return>  for immediate help.
 ...                                              
                                                  
l.426 \(\leq \left| \widetilde{ǥ}(0,ɤ
                                       ) \right| + \frac{1}{\lceil\vartheta}...

You may provide a definition with
\DeclareUnicodeCharacter 


G:/work/Journal2LaTeX/backend/temp/07caaddf-7874-4f26-9a87-138693dc2d74/rendere
d/main.tex:426: LaTeX Error: Unicode character ǥ (U+01E5)
               not set up for use with LaTeX.

See the LaTeX manual or LaTeX Companion for explanation.
Type  H <return>  for immediate help.
 ...                                              
                                                  
l.426 ... 1}\left| \Theta\left( \xi,\widetilde{ǥ}
                                                  (\xi) \right) \right|\ d\xi\)

You may provide a definition with
\DeclareUnicodeCharacter 


G:/work/Journal2LaTeX/backend/temp/07caaddf-7874-4f26-9a87-138693dc2d74/rendere
d/main.tex:426: LaTeX Error: Unicode character ǥ (U+01E5)
               not set up for use with LaTeX.

See the LaTeX manual or LaTeX Companion for explanation.
Type  H <return>  for immediate help.
 ...                                              
                                                  
l.426 ... 1}\left| \Theta\left( \xi,\widetilde{ǥ}
                                                  (\xi) \right) \right|\ d\xi\)

You may provide a definition with
\DeclareUnicodeCharacter 


G:/work/Journal2LaTeX/backend/temp/07caaddf-7874-4f26-9a87-138693dc2d74/rendere
d/main.tex:428: LaTeX Error: Unicode character ǥ (U+01E5)
               not set up for use with LaTeX.

See the LaTeX manual or LaTeX Companion for explanation.
Type  H <return>  for immediate help.
 ...                                              
                                                  
l.428 \(\leq \left| \widetilde{ǥ}
                                  (0,ɤ) \right| + \frac{1}{\lceil\vartheta}...

You may provide a definition with
\DeclareUnicodeCharacter 


G:/work/Journal2LaTeX/backend/temp/07caaddf-7874-4f26-9a87-138693dc2d74/rendere
d/main.tex:428: LaTeX Error: Unicode character ǥ (U+01E5)
               not set up for use with LaTeX.

See the LaTeX manual or LaTeX Companion for explanation.
Type  H <return>  for immediate help.
 ...                                              
                                                  
l.428 \(\leq \left| \widetilde{ǥ}
                                  (0,ɤ) \right| + \frac{1}{\lceil\vartheta}...

You may provide a definition with
\DeclareUnicodeCharacter 


G:/work/Journal2LaTeX/backend/temp/07caaddf-7874-4f26-9a87-138693dc2d74/rendere
d/main.tex:428: LaTeX Error: Unicode character ɤ (U+0264)
               not set up for use with LaTeX.

See the LaTeX manual or LaTeX Companion for explanation.
Type  H <return>  for immediate help.
 ...                                              
                                                  
l.428 \(\leq \left| \widetilde{ǥ}(0,ɤ
                                       ) \right| + \frac{1}{\lceil\vartheta}...

You may provide a definition with
\DeclareUnicodeCharacter 


G:/work/Journal2LaTeX/backend/temp/07caaddf-7874-4f26-9a87-138693dc2d74/rendere
d/main.tex:428: LaTeX Error: Unicode character Ƥ (U+01A4)
               not set up for use with LaTeX.

See the LaTeX manual or LaTeX Companion for explanation.
Type  H <return>  for immediate help.
 ...                                              
                                                  
l.428 ...}(t - \xi)^{\vartheta - 1}\left\lbrack Ƥ
                                                  _{ǥ}\left| \widetilde{ǥ}...

You may provide a definition with
\DeclareUnicodeCharacter 


G:/work/Journal2LaTeX/backend/temp/07caaddf-7874-4f26-9a87-138693dc2d74/rendere
d/main.tex:428: LaTeX Error: Unicode character ǥ (U+01E5)
               not set up for use with LaTeX.

See the LaTeX manual or LaTeX Companion for explanation.
Type  H <return>  for immediate help.
 ...                                              
                                                  
l.428 ...- \xi)^{\vartheta - 1}\left\lbrack Ƥ_{ǥ
                                                  }\left| \widetilde{ǥ}(t) ...

You may provide a definition with
\DeclareUnicodeCharacter 


G:/work/Journal2LaTeX/backend/temp/07caaddf-7874-4f26-9a87-138693dc2d74/rendere
d/main.tex:428: LaTeX Error: Unicode character ǥ (U+01E5)
               not set up for use with LaTeX.

See the LaTeX manual or LaTeX Companion for explanation.
Type  H <return>  for immediate help.
 ...                                              
                                                  
l.428 ...\left\lbrack Ƥ_{ǥ}\left| \widetilde{ǥ}
                                                  (t) \right| + Ɋ_{ǥ} \rig...

You may provide a definition with
\DeclareUnicodeCharacter 


G:/work/Journal2LaTeX/backend/temp/07caaddf-7874-4f26-9a87-138693dc2d74/rendere
d/main.tex:428: LaTeX Error: Unicode character ǥ (U+01E5)
               not set up for use with LaTeX.

See the LaTeX manual or LaTeX Companion for explanation.
Type  H <return>  for immediate help.
 ...                                              
                                                  
l.428 ...\left\lbrack Ƥ_{ǥ}\left| \widetilde{ǥ}
                                                  (t) \right| + Ɋ_{ǥ} \rig...

You may provide a definition with
\DeclareUnicodeCharacter 


G:/work/Journal2LaTeX/backend/temp/07caaddf-7874-4f26-9a87-138693dc2d74/rendere
d/main.tex:428: LaTeX Error: Unicode character Ɋ (U+024A)
               not set up for use with LaTeX.

See the LaTeX manual or LaTeX Companion for explanation.
Type  H <return>  for immediate help.
 ...                                              
                                                  
l.428 ...{ǥ}\left| \widetilde{ǥ}(t) \right| + Ɋ
                                                  _{ǥ} \right\rbrack\ d\xi\)
You may provide a definition with
\DeclareUnicodeCharacter 


G:/work/Journal2LaTeX/backend/temp/07caaddf-7874-4f26-9a87-138693dc2d74/rendere
d/main.tex:428: LaTeX Error: Unicode character ǥ (U+01E5)
               not set up for use with LaTeX.

See the LaTeX manual or LaTeX Companion for explanation.
Type  H <return>  for immediate help.
 ...                                              
                                                  
l.428 ...\left| \widetilde{ǥ}(t) \right| + Ɋ_{ǥ
                                                  } \right\rbrack\ d\xi\)
You may provide a definition with
\DeclareUnicodeCharacter 


G:/work/Journal2LaTeX/backend/temp/07caaddf-7874-4f26-9a87-138693dc2d74/rendere
d/main.tex:430: LaTeX Error: Unicode character ǥ (U+01E5)
               not set up for use with LaTeX.

See the LaTeX manual or LaTeX Companion for explanation.
Type  H <return>  for immediate help.
 ...                                              
                                                  
l.430 \(\leq \left| \widetilde{ǥ}
                                  (0,ɤ) \right| + \frac{t^{\vartheta}}{\lce...

You may provide a definition with
\DeclareUnicodeCharacter 


G:/work/Journal2LaTeX/backend/temp/07caaddf-7874-4f26-9a87-138693dc2d74/rendere
d/main.tex:430: LaTeX Error: Unicode character ǥ (U+01E5)
               not set up for use with LaTeX.

See the LaTeX manual or LaTeX Companion for explanation.
Type  H <return>  for immediate help.
 ...                                              
                                                  
l.430 \(\leq \left| \widetilde{ǥ}
                                  (0,ɤ) \right| + \frac{t^{\vartheta}}{\lce...

You may provide a definition with
\DeclareUnicodeCharacter 


G:/work/Journal2LaTeX/backend/temp/07caaddf-7874-4f26-9a87-138693dc2d74/rendere
d/main.tex:430: LaTeX Error: Unicode character ɤ (U+0264)
               not set up for use with LaTeX.

See the LaTeX manual or LaTeX Companion for explanation.
Type  H <return>  for immediate help.
 ...                                              
                                                  
l.430 \(\leq \left| \widetilde{ǥ}(0,ɤ
                                       ) \right| + \frac{t^{\vartheta}}{\lce...

You may provide a definition with
\DeclareUnicodeCharacter 


G:/work/Journal2LaTeX/backend/temp/07caaddf-7874-4f26-9a87-138693dc2d74/rendere
d/main.tex:430: LaTeX Error: Unicode character Ƥ (U+01A4)
               not set up for use with LaTeX.

See the LaTeX manual or LaTeX Companion for explanation.
Type  H <return>  for immediate help.
 ...                                              
                                                  
l.430 ...artheta}}{\lceil\vartheta}\left\lbrack Ƥ
                                                  _{ǥ}\left| \widetilde{ǥ}...

You may provide a definition with
\DeclareUnicodeCharacter 


G:/work/Journal2LaTeX/backend/temp/07caaddf-7874-4f26-9a87-138693dc2d74/rendere
d/main.tex:430: LaTeX Error: Unicode character ǥ (U+01E5)
               not set up for use with LaTeX.

See the LaTeX manual or LaTeX Companion for explanation.
Type  H <return>  for immediate help.
 ...                                              
                                                  
l.430 ...eta}}{\lceil\vartheta}\left\lbrack Ƥ_{ǥ
                                                  }\left| \widetilde{ǥ}(t) ...

You may provide a definition with
\DeclareUnicodeCharacter 


G:/work/Journal2LaTeX/backend/temp/07caaddf-7874-4f26-9a87-138693dc2d74/rendere
d/main.tex:430: LaTeX Error: Unicode character ǥ (U+01E5)
               not set up for use with LaTeX.

See the LaTeX manual or LaTeX Companion for explanation.
Type  H <return>  for immediate help.
 ...                                              
                                                  
l.430 ...\left\lbrack Ƥ_{ǥ}\left| \widetilde{ǥ}
                                                  (t) \right| + Ɋ_{ǥ} \rig...

You may provide a definition with
\DeclareUnicodeCharacter 


G:/work/Journal2LaTeX/backend/temp/07caaddf-7874-4f26-9a87-138693dc2d74/rendere
d/main.tex:430: LaTeX Error: Unicode character ǥ (U+01E5)
               not set up for use with LaTeX.

See the LaTeX manual or LaTeX Companion for explanation.
Type  H <return>  for immediate help.
 ...                                              
                                                  
l.430 ...\left\lbrack Ƥ_{ǥ}\left| \widetilde{ǥ}
                                                  (t) \right| + Ɋ_{ǥ} \rig...

You may provide a definition with
\DeclareUnicodeCharacter 


G:/work/Journal2LaTeX/backend/temp/07caaddf-7874-4f26-9a87-138693dc2d74/rendere
d/main.tex:430: LaTeX Error: Unicode character Ɋ (U+024A)
               not set up for use with LaTeX.

See the LaTeX manual or LaTeX Companion for explanation.
Type  H <return>  for immediate help.
 ...                                              
                                                  
l.430 ...{ǥ}\left| \widetilde{ǥ}(t) \right| + Ɋ
                                                  _{ǥ} \right\rbrack\)
You may provide a definition with
\DeclareUnicodeCharacter 


G:/work/Journal2LaTeX/backend/temp/07caaddf-7874-4f26-9a87-138693dc2d74/rendere
d/main.tex:430: LaTeX Error: Unicode character ǥ (U+01E5)
               not set up for use with LaTeX.

See the LaTeX manual or LaTeX Companion for explanation.
Type  H <return>  for immediate help.
 ...                                              
                                                  
l.430 ...\left| \widetilde{ǥ}(t) \right| + Ɋ_{ǥ
                                                  } \right\rbrack\)
You may provide a definition with
\DeclareUnicodeCharacter 


G:/work/Journal2LaTeX/backend/temp/07caaddf-7874-4f26-9a87-138693dc2d74/rendere
d/main.tex:432: LaTeX Error: Unicode character Ѵ (U+0474)
               not set up for use with LaTeX.

See the LaTeX manual or LaTeX Companion for explanation.
Type  H <return>  for immediate help.
 ...                                              
                                                  
l.432 Here. Ѵ
              (0) ⊂ 0 and hence we conclude that Ѵ is bounded.
You may provide a definition with
\DeclareUnicodeCharacter 


G:/work/Journal2LaTeX/backend/temp/07caaddf-7874-4f26-9a87-138693dc2d74/rendere
d/main.tex:432: LaTeX Error: Unicode character ⊂ (U+2282)
               not set up for use with LaTeX.

See the LaTeX manual or LaTeX Companion for explanation.
Type  H <return>  for immediate help.
 ...                                              
                                                  
l.432 Here. Ѵ(0) ⊂
                      0 and hence we conclude that Ѵ is bounded.
You may provide a definition with
\DeclareUnicodeCharacter 


G:/work/Journal2LaTeX/backend/temp/07caaddf-7874-4f26-9a87-138693dc2d74/rendere
d/main.tex:432: LaTeX Error: Unicode character Ѵ (U+0474)
               not set up for use with LaTeX.

See the LaTeX manual or LaTeX Companion for explanation.
Type  H <return>  for immediate help.
 ...                                              
                                                  
l.432 ...Ѵ(0) ⊂ 0 and hence we conclude that Ѵ
                                                   is bounded.
You may provide a definition with
\DeclareUnicodeCharacter 


G:/work/Journal2LaTeX/backend/temp/07caaddf-7874-4f26-9a87-138693dc2d74/rendere
d/main.tex:434: LaTeX Error: Unicode character Ѵ (U+0474)
               not set up for use with LaTeX.

See the LaTeX manual or LaTeX Companion for explanation.
Type  H <return>  for immediate help.
 ...                                              
                                                  
l.434 ...ly continuous property of the operator Ѵ
                                                   is proved.
You may provide a definition with
\DeclareUnicodeCharacter 


G:/work/Journal2LaTeX/backend/temp/07caaddf-7874-4f26-9a87-138693dc2d74/rendere
d/main.tex:436: LaTeX Error: Unicode character Ѵ (U+0474)
               not set up for use with LaTeX.

See the LaTeX manual or LaTeX Companion for explanation.
Type  H <return>  for immediate help.
 ...                                              
                                                  
l.436 For any \(Ѵ
                  _{1},Ѵ_{2} \in \lbrack 0,T\rbrack\) such that \(Ѵ_{2} > ...

You may provide a definition with
\DeclareUnicodeCharacter 


G:/work/Journal2LaTeX/backend/temp/07caaddf-7874-4f26-9a87-138693dc2d74/rendere
d/main.tex:436: LaTeX Error: Unicode character Ѵ (U+0474)
               not set up for use with LaTeX.

See the LaTeX manual or LaTeX Companion for explanation.
Type  H <return>  for immediate help.
 ...                                              
                                                  
l.436 For any \(Ѵ_{1},Ѵ
                         _{2} \in \lbrack 0,T\rbrack\) such that \(Ѵ_{2} > ...

You may provide a definition with
\DeclareUnicodeCharacter 


G:/work/Journal2LaTeX/backend/temp/07caaddf-7874-4f26-9a87-138693dc2d74/rendere
d/main.tex:436: LaTeX Error: Unicode character Ѵ (U+0474)
               not set up for use with LaTeX.

See the LaTeX manual or LaTeX Companion for explanation.
Type  H <return>  for immediate help.
 ...                                              
                                                  
l.436 ...} \in \lbrack 0,T\rbrack\) such that \(Ѵ
                                                  _{2} > Ѵ_{1}\) gives
You may provide a definition with
\DeclareUnicodeCharacter 


G:/work/Journal2LaTeX/backend/temp/07caaddf-7874-4f26-9a87-138693dc2d74/rendere
d/main.tex:436: LaTeX Error: Unicode character Ѵ (U+0474)
               not set up for use with LaTeX.

See the LaTeX manual or LaTeX Companion for explanation.
Type  H <return>  for immediate help.
 ...                                              
                                                  
l.436 ...rack 0,T\rbrack\) such that \(Ѵ_{2} > Ѵ
                                                  _{1}\) gives
You may provide a definition with
\DeclareUnicodeCharacter 


G:/work/Journal2LaTeX/backend/temp/07caaddf-7874-4f26-9a87-138693dc2d74/rendere
d/main.tex:438: LaTeX Error: Unicode character Ѵ (U+0474)
               not set up for use with LaTeX.

See the LaTeX manual or LaTeX Companion for explanation.
Type  H <return>  for immediate help.
 ...                                              
                                                  
l.438 \(\| Ѵ
             \left( \widetilde{ǥ}(t) \right)Ѵ_{2} - Ѵ\left( \widetilde{ǥ...

You may provide a definition with
\DeclareUnicodeCharacter 


G:/work/Journal2LaTeX/backend/temp/07caaddf-7874-4f26-9a87-138693dc2d74/rendere
d/main.tex:438: LaTeX Error: Unicode character ǥ (U+01E5)
               not set up for use with LaTeX.

See the LaTeX manual or LaTeX Companion for explanation.
Type  H <return>  for immediate help.
 ...                                              
                                                  
l.438 \(\| Ѵ\left( \widetilde{ǥ}
                                  (t) \right)Ѵ_{2} - Ѵ\left( \widetilde{ǥ...

You may provide a definition with
\DeclareUnicodeCharacter 


G:/work/Journal2LaTeX/backend/temp/07caaddf-7874-4f26-9a87-138693dc2d74/rendere
d/main.tex:438: LaTeX Error: Unicode character ǥ (U+01E5)
               not set up for use with LaTeX.

See the LaTeX manual or LaTeX Companion for explanation.
Type  H <return>  for immediate help.
 ...                                              
                                                  
l.438 \(\| Ѵ\left( \widetilde{ǥ}
                                  (t) \right)Ѵ_{2} - Ѵ\left( \widetilde{ǥ...

You may provide a definition with
\DeclareUnicodeCharacter 


G:/work/Journal2LaTeX/backend/temp/07caaddf-7874-4f26-9a87-138693dc2d74/rendere
d/main.tex:438: LaTeX Error: Unicode character Ѵ (U+0474)
               not set up for use with LaTeX.

See the LaTeX manual or LaTeX Companion for explanation.
Type  H <return>  for immediate help.
 ...                                              
                                                  
l.438 \(\| Ѵ\left( \widetilde{ǥ}(t) \right)Ѵ
                                               _{2} - Ѵ\left( \widetilde{ǥ...

You may provide a definition with
\DeclareUnicodeCharacter 


G:/work/Journal2LaTeX/backend/temp/07caaddf-7874-4f26-9a87-138693dc2d74/rendere
d/main.tex:438: LaTeX Error: Unicode character Ѵ (U+0474)
               not set up for use with LaTeX.

See the LaTeX manual or LaTeX Companion for explanation.
Type  H <return>  for immediate help.
 ...                                              
                                                  
l.438 ...eft( \widetilde{ǥ}(t) \right)Ѵ_{2} - Ѵ
                                                  \left( \widetilde{ǥ}(t) \...

You may provide a definition with
\DeclareUnicodeCharacter 


G:/work/Journal2LaTeX/backend/temp/07caaddf-7874-4f26-9a87-138693dc2d74/rendere
d/main.tex:438: LaTeX Error: Unicode character ǥ (U+01E5)
               not set up for use with LaTeX.

See the LaTeX manual or LaTeX Companion for explanation.
Type  H <return>  for immediate help.
 ...                                              
                                                  
l.438 ...) \right)Ѵ_{2} - Ѵ\left( \widetilde{ǥ}
                                                  (t) \right)Ѵ_{1}\| = \lef...

You may provide a definition with
\DeclareUnicodeCharacter 


G:/work/Journal2LaTeX/backend/temp/07caaddf-7874-4f26-9a87-138693dc2d74/rendere
d/main.tex:438: LaTeX Error: Unicode character ǥ (U+01E5)
               not set up for use with LaTeX.

See the LaTeX manual or LaTeX Companion for explanation.
Type  H <return>  for immediate help.
 ...                                              
                                                  
l.438 ...) \right)Ѵ_{2} - Ѵ\left( \widetilde{ǥ}
                                                  (t) \right)Ѵ_{1}\| = \lef...

You may provide a definition with
\DeclareUnicodeCharacter 


G:/work/Journal2LaTeX/backend/temp/07caaddf-7874-4f26-9a87-138693dc2d74/rendere
d/main.tex:438: LaTeX Error: Unicode character Ѵ (U+0474)
               not set up for use with LaTeX.

See the LaTeX manual or LaTeX Companion for explanation.
Type  H <return>  for immediate help.
 ...                                              
                                                  
l.438 ...2} - Ѵ\left( \widetilde{ǥ}(t) \right)Ѵ
                                                  _{1}\| = \left| \frac{1}{\...

You may provide a definition with
\DeclareUnicodeCharacter 


G:/work/Journal2LaTeX/backend/temp/07caaddf-7874-4f26-9a87-138693dc2d74/rendere
d/main.tex:438: LaTeX Error: Unicode character Ѵ (U+0474)
               not set up for use with LaTeX.

See the LaTeX manual or LaTeX Companion for explanation.
Type  H <return>  for immediate help.
 ...                                              
                                                  
l.438 ...ft| \frac{1}{\lceil\vartheta}\int_{0}^{Ѵ
                                                  _{2}}{}\left( Ѵ_{2} - \xi...

You may provide a definition with
\DeclareUnicodeCharacter 


G:/work/Journal2LaTeX/backend/temp/07caaddf-7874-4f26-9a87-138693dc2d74/rendere
d/main.tex:438: LaTeX Error: Unicode character Ѵ (U+0474)
               not set up for use with LaTeX.

See the LaTeX manual or LaTeX Companion for explanation.
Type  H <return>  for immediate help.
 ...                                              
                                                  
l.438 ...eil\vartheta}\int_{0}^{Ѵ_{2}}{}\left( Ѵ
                                                  _{2} - \xi \right)^{\varth...

You may provide a definition with
\DeclareUnicodeCharacter 


G:/work/Journal2LaTeX/backend/temp/07caaddf-7874-4f26-9a87-138693dc2d74/rendere
d/main.tex:438: LaTeX Error: Unicode character ǥ (U+01E5)
               not set up for use with LaTeX.

See the LaTeX manual or LaTeX Companion for explanation.
Type  H <return>  for immediate help.
 ...                                              
                                                  
l.438 ...theta - 1}\Theta\left( \xi,\widetilde{ǥ}
                                                  (\xi) \right)d\xi\ - \frac...

You may provide a definition with
\DeclareUnicodeCharacter 


G:/work/Journal2LaTeX/backend/temp/07caaddf-7874-4f26-9a87-138693dc2d74/rendere
d/main.tex:438: LaTeX Error: Unicode character ǥ (U+01E5)
               not set up for use with LaTeX.

See the LaTeX manual or LaTeX Companion for explanation.
Type  H <return>  for immediate help.
 ...                                              
                                                  
l.438 ...theta - 1}\Theta\left( \xi,\widetilde{ǥ}
                                                  (\xi) \right)d\xi\ - \frac...

You may provide a definition with
\DeclareUnicodeCharacter 


G:/work/Journal2LaTeX/backend/temp/07caaddf-7874-4f26-9a87-138693dc2d74/rendere
d/main.tex:438: LaTeX Error: Unicode character Ѵ (U+0474)
               not set up for use with LaTeX.

See the LaTeX manual or LaTeX Companion for explanation.
Type  H <return>  for immediate help.
 ...                                              
                                                  
l.438 ...\ - \frac{1}{\lceil\vartheta}\int_{0}^{Ѵ
                                                  _{1}}{}\left( Ѵ_{1} - \xi...

You may provide a definition with
\DeclareUnicodeCharacter 


G:/work/Journal2LaTeX/backend/temp/07caaddf-7874-4f26-9a87-138693dc2d74/rendere
d/main.tex:438: LaTeX Error: Unicode character Ѵ (U+0474)
               not set up for use with LaTeX.

See the LaTeX manual or LaTeX Companion for explanation.
Type  H <return>  for immediate help.
 ...                                              
                                                  
l.438 ...eil\vartheta}\int_{0}^{Ѵ_{1}}{}\left( Ѵ
                                                  _{1} - \xi \right)^{\varth...

You may provide a definition with
\DeclareUnicodeCharacter 


G:/work/Journal2LaTeX/backend/temp/07caaddf-7874-4f26-9a87-138693dc2d74/rendere
d/main.tex:438: LaTeX Error: Unicode character ǥ (U+01E5)
               not set up for use with LaTeX.

See the LaTeX manual or LaTeX Companion for explanation.
Type  H <return>  for immediate help.
 ...                                              
                                                  
l.438 ...theta - 1}\Theta\left( \xi,\widetilde{ǥ}
                                                  (\xi) \right)d\xi \right|\)
You may provide a definition with
\DeclareUnicodeCharacter 


G:/work/Journal2LaTeX/backend/temp/07caaddf-7874-4f26-9a87-138693dc2d74/rendere
d/main.tex:438: LaTeX Error: Unicode character ǥ (U+01E5)
               not set up for use with LaTeX.

See the LaTeX manual or LaTeX Companion for explanation.
Type  H <return>  for immediate help.
 ...                                              
                                                  
l.438 ...theta - 1}\Theta\left( \xi,\widetilde{ǥ}
                                                  (\xi) \right)d\xi \right|\)
You may provide a definition with
\DeclareUnicodeCharacter 


G:/work/Journal2LaTeX/backend/temp/07caaddf-7874-4f26-9a87-138693dc2d74/rendere
d/main.tex:440: LaTeX Error: Unicode character Ѵ (U+0474)
               not set up for use with LaTeX.

See the LaTeX manual or LaTeX Companion for explanation.
Type  H <return>  for immediate help.
 ...                                              
                                                  
l.440 Which implies that \(\| Ѵ
                                \left( \widetilde{ǥ}(t) \right)Ѵ_{2} - Ѵ\...

You may provide a definition with
\DeclareUnicodeCharacter 


G:/work/Journal2LaTeX/backend/temp/07caaddf-7874-4f26-9a87-138693dc2d74/rendere
d/main.tex:440: LaTeX Error: Unicode character ǥ (U+01E5)
               not set up for use with LaTeX.

See the LaTeX manual or LaTeX Companion for explanation.
Type  H <return>  for immediate help.
 ...                                              
                                                  
l.440 ...implies that \(\| Ѵ\left( \widetilde{ǥ}
                                                  (t) \right)Ѵ_{2} - Ѵ\lef...

You may provide a definition with
\DeclareUnicodeCharacter 


G:/work/Journal2LaTeX/backend/temp/07caaddf-7874-4f26-9a87-138693dc2d74/rendere
d/main.tex:440: LaTeX Error: Unicode character ǥ (U+01E5)
               not set up for use with LaTeX.

See the LaTeX manual or LaTeX Companion for explanation.
Type  H <return>  for immediate help.
 ...                                              
                                                  
l.440 ...implies that \(\| Ѵ\left( \widetilde{ǥ}
                                                  (t) \right)Ѵ_{2} - Ѵ\lef...

You may provide a definition with
\DeclareUnicodeCharacter 


G:/work/Journal2LaTeX/backend/temp/07caaddf-7874-4f26-9a87-138693dc2d74/rendere
d/main.tex:440: LaTeX Error: Unicode character Ѵ (U+0474)
               not set up for use with LaTeX.

See the LaTeX manual or LaTeX Companion for explanation.
Type  H <return>  for immediate help.
 ...                                              
                                                  
l.440 ...\(\| Ѵ\left( \widetilde{ǥ}(t) \right)Ѵ
                                                  _{2} - Ѵ\left( \widetilde...

You may provide a definition with
\DeclareUnicodeCharacter 


G:/work/Journal2LaTeX/backend/temp/07caaddf-7874-4f26-9a87-138693dc2d74/rendere
d/main.tex:440: LaTeX Error: Unicode character Ѵ (U+0474)
               not set up for use with LaTeX.

See the LaTeX manual or LaTeX Companion for explanation.
Type  H <return>  for immediate help.
 ...                                              
                                                  
l.440 ...eft( \widetilde{ǥ}(t) \right)Ѵ_{2} - Ѵ
                                                  \left( \widetilde{ǥ}(t) \...

You may provide a definition with
\DeclareUnicodeCharacter 


G:/work/Journal2LaTeX/backend/temp/07caaddf-7874-4f26-9a87-138693dc2d74/rendere
d/main.tex:440: LaTeX Error: Unicode character ǥ (U+01E5)
               not set up for use with LaTeX.

See the LaTeX manual or LaTeX Companion for explanation.
Type  H <return>  for immediate help.
 ...                                              
                                                  
l.440 ...) \right)Ѵ_{2} - Ѵ\left( \widetilde{ǥ}
                                                  (t) \right)Ѵ_{1}\| \right...

You may provide a definition with
\DeclareUnicodeCharacter 


G:/work/Journal2LaTeX/backend/temp/07caaddf-7874-4f26-9a87-138693dc2d74/rendere
d/main.tex:440: LaTeX Error: Unicode character ǥ (U+01E5)
               not set up for use with LaTeX.

See the LaTeX manual or LaTeX Companion for explanation.
Type  H <return>  for immediate help.
 ...                                              
                                                  
l.440 ...) \right)Ѵ_{2} - Ѵ\left( \widetilde{ǥ}
                                                  (t) \right)Ѵ_{1}\| \right...

You may provide a definition with
\DeclareUnicodeCharacter 


G:/work/Journal2LaTeX/backend/temp/07caaddf-7874-4f26-9a87-138693dc2d74/rendere
d/main.tex:440: LaTeX Error: Unicode character Ѵ (U+0474)
               not set up for use with LaTeX.

See the LaTeX manual or LaTeX Companion for explanation.
Type  H <return>  for immediate help.
 ...                                              
                                                  
l.440 ...2} - Ѵ\left( \widetilde{ǥ}(t) \right)Ѵ
                                                  _{1}\| \rightarrow 0\) as ...

You may provide a definition with
\DeclareUnicodeCharacter 


G:/work/Journal2LaTeX/backend/temp/07caaddf-7874-4f26-9a87-138693dc2d74/rendere
d/main.tex:440: LaTeX Error: Unicode character Ѵ (U+0474)
               not set up for use with LaTeX.

See the LaTeX manual or LaTeX Companion for explanation.
Type  H <return>  for immediate help.
 ...                                              
                                                  
l.440 ...) \right)Ѵ_{1}\| \rightarrow 0\) as \(Ѵ
                                                  _{2} \rightarrow Ѵ_{1}\)....

You may provide a definition with
\DeclareUnicodeCharacter 


G:/work/Journal2LaTeX/backend/temp/07caaddf-7874-4f26-9a87-138693dc2d74/rendere
d/main.tex:440: LaTeX Error: Unicode character Ѵ (U+0474)
               not set up for use with LaTeX.

See the LaTeX manual or LaTeX Companion for explanation.
Type  H <return>  for immediate help.
 ...                                              
                                                  
l.440 ...rightarrow 0\) as \(Ѵ_{2} \rightarrow Ѵ
                                                  _{1}\). As a result, the o...

You may provide a definition with
\DeclareUnicodeCharacter 


G:/work/Journal2LaTeX/backend/temp/07caaddf-7874-4f26-9a87-138693dc2d74/rendere
d/main.tex:440: LaTeX Error: Unicode character Ѵ (U+0474)
               not set up for use with LaTeX.

See the LaTeX manual or LaTeX Companion for explanation.
Type  H <return>  for immediate help.
 ...                                              
                                                  
l.440 ...ow Ѵ_{1}\). As a result, the operator Ѵ
                                                   is equi-continuous. The c...

You may provide a definition with
\DeclareUnicodeCharacter 


G:/work/Journal2LaTeX/backend/temp/07caaddf-7874-4f26-9a87-138693dc2d74/rendere
d/main.tex:440: LaTeX Error: Unicode character Ѵ (U+0474)
               not set up for use with LaTeX.

See the LaTeX manual or LaTeX Companion for explanation.
Type  H <return>  for immediate help.
 ...                                              
                                                  
l.440 ...tely continuous nature of the operator Ѵ
                                                   is shown by the Arzela-As...

You may provide a definition with
\DeclareUnicodeCharacter 


G:/work/Journal2LaTeX/backend/temp/07caaddf-7874-4f26-9a87-138693dc2d74/rendere
d/main.tex:442: LaTeX Error: Unicode character Ф (U+0424)
               not set up for use with LaTeX.

See the LaTeX manual or LaTeX Companion for explanation.
Type  H <return>  for immediate help.
 ...                                              
                                                  
l.442 ...er the assumption (A2) provided that \(Ф
                                                  ^{\vartheta}L_{F} < \lceil...

You may provide a definition with
\DeclareUnicodeCharacter 


G:/work/Journal2LaTeX/backend/temp/07caaddf-7874-4f26-9a87-138693dc2d74/rendere
d/main.tex:446: LaTeX Error: Unicode character ǥ (U+01E5)
               not set up for use with LaTeX.

See the LaTeX manual or LaTeX Companion for explanation.
Type  H <return>  for immediate help.
 ...                                              
                                                  
l.446 Let \({\widetilde{ǥ}
                           }_{1}(t),{\widetilde{ǥ}}_{2}(t) \in Ꞗ\) then,
You may provide a definition with
\DeclareUnicodeCharacter 


G:/work/Journal2LaTeX/backend/temp/07caaddf-7874-4f26-9a87-138693dc2d74/rendere
d/main.tex:446: LaTeX Error: Unicode character ǥ (U+01E5)
               not set up for use with LaTeX.

See the LaTeX manual or LaTeX Companion for explanation.
Type  H <return>  for immediate help.
 ...                                              
                                                  
l.446 Let \({\widetilde{ǥ}
                           }_{1}(t),{\widetilde{ǥ}}_{2}(t) \in Ꞗ\) then,
You may provide a definition with
\DeclareUnicodeCharacter 


G:/work/Journal2LaTeX/backend/temp/07caaddf-7874-4f26-9a87-138693dc2d74/rendere
d/main.tex:446: LaTeX Error: Unicode character ǥ (U+01E5)
               not set up for use with LaTeX.

See the LaTeX manual or LaTeX Companion for explanation.
Type  H <return>  for immediate help.
 ...                                              
                                                  
l.446 ...\({\widetilde{ǥ}}_{1}(t),{\widetilde{ǥ}
                                                  }_{2}(t) \in Ꞗ\) then,
You may provide a definition with
\DeclareUnicodeCharacter 


G:/work/Journal2LaTeX/backend/temp/07caaddf-7874-4f26-9a87-138693dc2d74/rendere
d/main.tex:446: LaTeX Error: Unicode character ǥ (U+01E5)
               not set up for use with LaTeX.

See the LaTeX manual or LaTeX Companion for explanation.
Type  H <return>  for immediate help.
 ...                                              
                                                  
l.446 ...\({\widetilde{ǥ}}_{1}(t),{\widetilde{ǥ}
                                                  }_{2}(t) \in Ꞗ\) then,
You may provide a definition with
\DeclareUnicodeCharacter 


G:/work/Journal2LaTeX/backend/temp/07caaddf-7874-4f26-9a87-138693dc2d74/rendere
d/main.tex:446: LaTeX Error: Unicode character Ꞗ (U+A796)
               not set up for use with LaTeX.

See the LaTeX manual or LaTeX Companion for explanation.
Type  H <return>  for immediate help.
 ...                                              
                                                  
l.446 ...}}_{1}(t),{\widetilde{ǥ}}_{2}(t) \in Ꞗ
                                                  \) then,
You may provide a definition with
\DeclareUnicodeCharacter 


G:/work/Journal2LaTeX/backend/temp/07caaddf-7874-4f26-9a87-138693dc2d74/rendere
d/main.tex:448: LaTeX Error: Unicode character Ѵ (U+0474)
               not set up for use with LaTeX.

See the LaTeX manual or LaTeX Companion for explanation.
Type  H <return>  for immediate help.
 ...                                              
                                                  
l.448 \(\|\left( Ѵ
                   \left( {\widetilde{ǥ}}_{n_{1}}(t) \right) - Ѵ\left( {\w...

You may provide a definition with
\DeclareUnicodeCharacter 


G:/work/Journal2LaTeX/backend/temp/07caaddf-7874-4f26-9a87-138693dc2d74/rendere
d/main.tex:448: LaTeX Error: Unicode character ǥ (U+01E5)
               not set up for use with LaTeX.

See the LaTeX manual or LaTeX Companion for explanation.
Type  H <return>  for immediate help.
 ...                                              
                                                  
l.448 \(\|\left( Ѵ\left( {\widetilde{ǥ}
                                         }_{n_{1}}(t) \right) - Ѵ\left( {\w...

You may provide a definition with
\DeclareUnicodeCharacter 


G:/work/Journal2LaTeX/backend/temp/07caaddf-7874-4f26-9a87-138693dc2d74/rendere
d/main.tex:448: LaTeX Error: Unicode character ǥ (U+01E5)
               not set up for use with LaTeX.

See the LaTeX manual or LaTeX Companion for explanation.
Type  H <return>  for immediate help.
 ...                                              
                                                  
l.448 \(\|\left( Ѵ\left( {\widetilde{ǥ}
                                         }_{n_{1}}(t) \right) - Ѵ\left( {\w...

You may provide a definition with
\DeclareUnicodeCharacter 


G:/work/Journal2LaTeX/backend/temp/07caaddf-7874-4f26-9a87-138693dc2d74/rendere
d/main.tex:448: LaTeX Error: Unicode character Ѵ (U+0474)
               not set up for use with LaTeX.

See the LaTeX manual or LaTeX Companion for explanation.
Type  H <return>  for immediate help.
 ...                                              
                                                  
l.448 ... {\widetilde{ǥ}}_{n_{1}}(t) \right) - Ѵ
                                                  \left( {\widetilde{ǥ}}_{n...

You may provide a definition with
\DeclareUnicodeCharacter 


G:/work/Journal2LaTeX/backend/temp/07caaddf-7874-4f26-9a87-138693dc2d74/rendere
d/main.tex:448: LaTeX Error: Unicode character ǥ (U+01E5)
               not set up for use with LaTeX.

See the LaTeX manual or LaTeX Companion for explanation.
Type  H <return>  for immediate help.
 ...                                              
                                                  
l.448 ...1}}(t) \right) - Ѵ\left( {\widetilde{ǥ}
                                                  }_{n_{2}}(t) \right) \righ...

You may provide a definition with
\DeclareUnicodeCharacter 


G:/work/Journal2LaTeX/backend/temp/07caaddf-7874-4f26-9a87-138693dc2d74/rendere
d/main.tex:448: LaTeX Error: Unicode character ǥ (U+01E5)
               not set up for use with LaTeX.

See the LaTeX manual or LaTeX Companion for explanation.
Type  H <return>  for immediate help.
 ...                                              
                                                  
l.448 ...1}}(t) \right) - Ѵ\left( {\widetilde{ǥ}
                                                  }_{n_{2}}(t) \right) \righ...

You may provide a definition with
\DeclareUnicodeCharacter 


G:/work/Journal2LaTeX/backend/temp/07caaddf-7874-4f26-9a87-138693dc2d74/rendere
d/main.tex:448: LaTeX Error: Unicode character ǥ (U+01E5)
               not set up for use with LaTeX.

See the LaTeX manual or LaTeX Companion for explanation.
Type  H <return>  for immediate help.
 ...                                              
                                                  
l.448 ...heta - 1}\Theta\left( \xi,{\widetilde{ǥ}
                                                  }_{n_{1}}(\xi) \right)d\xi...

You may provide a definition with
\DeclareUnicodeCharacter 


G:/work/Journal2LaTeX/backend/temp/07caaddf-7874-4f26-9a87-138693dc2d74/rendere
d/main.tex:448: LaTeX Error: Unicode character ǥ (U+01E5)
               not set up for use with LaTeX.

See the LaTeX manual or LaTeX Companion for explanation.
Type  H <return>  for immediate help.
 ...                                              
                                                  
l.448 ...heta - 1}\Theta\left( \xi,{\widetilde{ǥ}
                                                  }_{n_{1}}(\xi) \right)d\xi...

You may provide a definition with
\DeclareUnicodeCharacter 


G:/work/Journal2LaTeX/backend/temp/07caaddf-7874-4f26-9a87-138693dc2d74/rendere
d/main.tex:448: LaTeX Error: Unicode character ǥ (U+01E5)
               not set up for use with LaTeX.

See the LaTeX manual or LaTeX Companion for explanation.
Type  H <return>  for immediate help.
 ...                                              
                                                  
l.448 ...heta - 1}\Theta\left( \xi,{\widetilde{ǥ}
                                                  }_{n_{2}}(\xi) \right)d\xi...

You may provide a definition with
\DeclareUnicodeCharacter 


G:/work/Journal2LaTeX/backend/temp/07caaddf-7874-4f26-9a87-138693dc2d74/rendere
d/main.tex:448: LaTeX Error: Unicode character ǥ (U+01E5)
               not set up for use with LaTeX.

See the LaTeX manual or LaTeX Companion for explanation.
Type  H <return>  for immediate help.
 ...                                              
                                                  
l.448 ...heta - 1}\Theta\left( \xi,{\widetilde{ǥ}
                                                  }_{n_{2}}(\xi) \right)d\xi...

You may provide a definition with
\DeclareUnicodeCharacter 

G:/work/Journal2LaTeX/backend/temp/07caaddf-7874-4f26-9a87-138693dc2d74/rendere
d/main.tex:449: Missing $ inserted.
<inserted text> 
                $
l.449 
      
I've inserted a begin-math/end-math symbol since I think
you left one out. Proceed, with fingers crossed.


G:/work/Journal2LaTeX/backend/temp/07caaddf-7874-4f26-9a87-138693dc2d74/rendere
d/main.tex:451: LaTeX Error: Unicode character Ф (U+0424)
               not set up for use with LaTeX.

See the LaTeX manual or LaTeX Companion for explanation.
Type  H <return>  for immediate help.
 ...                                              
                                                  
l.451 ...ac{Ф^{\vartheta}}{\lceil(\vartheta + 1)}
                                                  L_{F}\left| {\widetilde{ǥ...

You may provide a definition with
\DeclareUnicodeCharacter 


G:/work/Journal2LaTeX/backend/temp/07caaddf-7874-4f26-9a87-138693dc2d74/rendere
d/main.tex:451: LaTeX Error: Unicode character ǥ (U+01E5)
               not set up for use with LaTeX.

See the LaTeX manual or LaTeX Companion for explanation.
Type  H <return>  for immediate help.
 ...                                              
                                                  
l.451 ...vartheta + 1)}L_{F}\left| {\widetilde{ǥ}
                                                  }_{n_{1}}(t) - {\widetilde...

You may provide a definition with
\DeclareUnicodeCharacter 


G:/work/Journal2LaTeX/backend/temp/07caaddf-7874-4f26-9a87-138693dc2d74/rendere
d/main.tex:451: LaTeX Error: Unicode character ǥ (U+01E5)
               not set up for use with LaTeX.

See the LaTeX manual or LaTeX Companion for explanation.
Type  H <return>  for immediate help.
 ...                                              
                                                  
l.451 ...vartheta + 1)}L_{F}\left| {\widetilde{ǥ}
                                                  }_{n_{1}}(t) - {\widetilde...

You may provide a definition with
\DeclareUnicodeCharacter 


G:/work/Journal2LaTeX/backend/temp/07caaddf-7874-4f26-9a87-138693dc2d74/rendere
d/main.tex:451: LaTeX Error: Unicode character ǥ (U+01E5)
               not set up for use with LaTeX.

See the LaTeX manual or LaTeX Companion for explanation.
Type  H <return>  for immediate help.
 ...                                              
                                                  
l.451 ...detilde{ǥ}}_{n_{1}}(t) - {\widetilde{ǥ}
                                                  }_{n_{2}}(t) \right|
You may provide a definition with
\DeclareUnicodeCharacter 


G:/work/Journal2LaTeX/backend/temp/07caaddf-7874-4f26-9a87-138693dc2d74/rendere
d/main.tex:451: LaTeX Error: Unicode character ǥ (U+01E5)
               not set up for use with LaTeX.

See the LaTeX manual or LaTeX Companion for explanation.
Type  H <return>  for immediate help.
 ...                                              
                                                  
l.451 ...detilde{ǥ}}_{n_{1}}(t) - {\widetilde{ǥ}
                                                  }_{n_{2}}(t) \right|
You may provide a definition with
\DeclareUnicodeCharacter 

Package epstopdf Info: Source file: <logo7pt.eps>
(epstopdf)                    date: 2026-07-28 18:34:46
(epstopdf)                    size: 335242 bytes
(epstopdf)             Output file: <logo7pt-eps-converted-to.pdf>
(epstopdf)                    date: 2026-07-28 18:35:05
(epstopdf)                    size: 34205 bytes
(epstopdf)             Command: <miktex-epstopdf --outfile=logo7pt-eps-converte
d-to.pdf logo7pt.eps>
(epstopdf)             \includegraphics on input line 452.
Package epstopdf Info: Output file is already uptodate.
File: logo7pt-eps-converted-to.pdf Graphic file (type pdf)
<use logo7pt-eps-converted-to.pdf>
Package pdftex.def Info: logo7pt-eps-converted-to.pdf  used on input line 452.
(pdftex.def)             Requested size: 71.26605pt x 20.07494pt.

Overfull \hbox (53.38602pt too wide) has occurred while \output is active
[] [] \OT1/ptm/m/n/9 M. Ariyanatchi et al.: A Fractional Fuzzy Dynamical Model 
for Math-Phobia with Optimal Learning Intervention Strategies
 []

[6]

G:/work/Journal2LaTeX/backend/temp/07caaddf-7874-4f26-9a87-138693dc2d74/rendere
d/main.tex:454: LaTeX Error: Unicode character Ѵ (U+0474)
               not set up for use with LaTeX.

See the LaTeX manual or LaTeX Companion for explanation.
Type  H <return>  for immediate help.
 ...                                              
                                                  
l.454 Hence Ѵ
               is contraction. The Banach contraction principle guarantees t...

You may provide a definition with
\DeclareUnicodeCharacter 


G:/work/Journal2LaTeX/backend/temp/07caaddf-7874-4f26-9a87-138693dc2d74/rendere
d/main.tex:460: LaTeX Error: Unicode character Ỻ (U+1EFA)
               not set up for use with LaTeX.

See the LaTeX manual or LaTeX Companion for explanation.
Type  H <return>  for immediate help.
 ...                                              
                                                  
l.460 \(Ỻ
           \left\lbrack 0FFCD_{t}^{\vartheta}\ Ş(t) \right\rbrack = Ỻ\lef...

You may provide a definition with
\DeclareUnicodeCharacter 


LaTeX Warning: Command \c invalid in math mode on input line 460.


G:/work/Journal2LaTeX/backend/temp/07caaddf-7874-4f26-9a87-138693dc2d74/rendere
d/main.tex:460: LaTeX Error: Unicode character Ỻ (U+1EFA)
               not set up for use with LaTeX.

See the LaTeX manual or LaTeX Companion for explanation.
Type  H <return>  for immediate help.
 ...                                              
                                                  
l.460 ...t}^{\vartheta}\ Ş(t) \right\rbrack = Ỻ
                                                  \left\lbrack \psi_{1}\left...

You may provide a definition with
\DeclareUnicodeCharacter 


LaTeX Warning: Command \c invalid in math mode on input line 460.


G:/work/Journal2LaTeX/backend/temp/07caaddf-7874-4f26-9a87-138693dc2d74/rendere
d/main.tex:462: LaTeX Error: Unicode character Ỻ (U+1EFA)
               not set up for use with LaTeX.

See the LaTeX manual or LaTeX Companion for explanation.
Type  H <return>  for immediate help.
 ...                                              
                                                  
l.462 \(Ỻ
           \left\lbrack 0FFCD_{t}^{\vartheta}\ M(t) \right\rbrack = Ỻ\left...

You may provide a definition with
\DeclareUnicodeCharacter 


G:/work/Journal2LaTeX/backend/temp/07caaddf-7874-4f26-9a87-138693dc2d74/rendere
d/main.tex:462: LaTeX Error: Unicode character Ỻ (U+1EFA)
               not set up for use with LaTeX.

See the LaTeX manual or LaTeX Companion for explanation.
Type  H <return>  for immediate help.
 ...                                              
                                                  
l.462 ...{t}^{\vartheta}\ M(t) \right\rbrack = Ỻ
                                                  \left\lbrack \psi_{2}\left...

You may provide a definition with
\DeclareUnicodeCharacter 


G:/work/Journal2LaTeX/backend/temp/07caaddf-7874-4f26-9a87-138693dc2d74/rendere
d/main.tex:464: LaTeX Error: Unicode character Ỻ (U+1EFA)
               not set up for use with LaTeX.

See the LaTeX manual or LaTeX Companion for explanation.
Type  H <return>  for immediate help.
 ...                                              
                                                  
l.464 \(Ỻ
           \left\lbrack 0FFCD_{t}^{\vartheta}\ N(t) \right\rbrack = Ỻ\left...

You may provide a definition with
\DeclareUnicodeCharacter 


G:/work/Journal2LaTeX/backend/temp/07caaddf-7874-4f26-9a87-138693dc2d74/rendere
d/main.tex:464: LaTeX Error: Unicode character Ỻ (U+1EFA)
               not set up for use with LaTeX.

See the LaTeX manual or LaTeX Companion for explanation.
Type  H <return>  for immediate help.
 ...                                              
                                                  
l.464 ...{t}^{\vartheta}\ N(t) \right\rbrack = Ỻ
                                                  \left\lbrack \psi_{3}\left...

You may provide a definition with
\DeclareUnicodeCharacter 


G:/work/Journal2LaTeX/backend/temp/07caaddf-7874-4f26-9a87-138693dc2d74/rendere
d/main.tex:466: LaTeX Error: Unicode character Ỻ (U+1EFA)
               not set up for use with LaTeX.

See the LaTeX manual or LaTeX Companion for explanation.
Type  H <return>  for immediate help.
 ...                                              
                                                  
l.466 \(Ỻ
           \left\lbrack 0FFCD_{t}^{\vartheta}\ ₳(t) \right\rbrack = Ỻ\le...

You may provide a definition with
\DeclareUnicodeCharacter 


G:/work/Journal2LaTeX/backend/temp/07caaddf-7874-4f26-9a87-138693dc2d74/rendere
d/main.tex:466: LaTeX Error: Unicode character ₳ (U+20B3)
               not set up for use with LaTeX.

See the LaTeX manual or LaTeX Companion for explanation.
Type  H <return>  for immediate help.
 ...                                              
                                                  
l.466 \(Ỻ\left\lbrack 0FFCD_{t}^{\vartheta}\ ₳
                                                  (t) \right\rbrack = Ỻ\le...

You may provide a definition with
\DeclareUnicodeCharacter 


G:/work/Journal2LaTeX/backend/temp/07caaddf-7874-4f26-9a87-138693dc2d74/rendere
d/main.tex:466: LaTeX Error: Unicode character Ỻ (U+1EFA)
               not set up for use with LaTeX.

See the LaTeX manual or LaTeX Companion for explanation.
Type  H <return>  for immediate help.
 ...                                              
                                                  
l.466 ...}^{\vartheta}\ ₳(t) \right\rbrack = Ỻ
                                                  \left\lbrack \psi_{4}\left...

You may provide a definition with
\DeclareUnicodeCharacter 


G:/work/Journal2LaTeX/backend/temp/07caaddf-7874-4f26-9a87-138693dc2d74/rendere
d/main.tex:466: LaTeX Error: Unicode character ₳ (U+20B3)
               not set up for use with LaTeX.

See the LaTeX manual or LaTeX Companion for explanation.
Type  H <return>  for immediate help.
 ...                                              
                                                  
l.466 ...ck = Ỻ\left\lbrack \psi_{4}\left( t,₳
                                                  (t) \right) \right\rbrack\)
You may provide a definition with
\DeclareUnicodeCharacter 


G:/work/Journal2LaTeX/backend/temp/07caaddf-7874-4f26-9a87-138693dc2d74/rendere
d/main.tex:468: LaTeX Error: Unicode character Ỻ (U+1EFA)
               not set up for use with LaTeX.

See the LaTeX manual or LaTeX Companion for explanation.
Type  H <return>  for immediate help.
 ...                                              
                                                  
l.468 \(Ỻ
           \left\lbrack 0FFCD_{t}^{\vartheta}\ ƚ(t) \right\rbrack = Ỻ\lef...

You may provide a definition with
\DeclareUnicodeCharacter 


G:/work/Journal2LaTeX/backend/temp/07caaddf-7874-4f26-9a87-138693dc2d74/rendere
d/main.tex:468: LaTeX Error: Unicode character ƚ (U+019A)
               not set up for use with LaTeX.

See the LaTeX manual or LaTeX Companion for explanation.
Type  H <return>  for immediate help.
 ...                                              
                                                  
l.468 \(Ỻ\left\lbrack 0FFCD_{t}^{\vartheta}\ ƚ
                                                 (t) \right\rbrack = Ỻ\lef...

You may provide a definition with
\DeclareUnicodeCharacter 


G:/work/Journal2LaTeX/backend/temp/07caaddf-7874-4f26-9a87-138693dc2d74/rendere
d/main.tex:468: LaTeX Error: Unicode character Ỻ (U+1EFA)
               not set up for use with LaTeX.

See the LaTeX manual or LaTeX Companion for explanation.
Type  H <return>  for immediate help.
 ...                                              
                                                  
l.468 ...t}^{\vartheta}\ ƚ(t) \right\rbrack = Ỻ
                                                  \left\lbrack \psi_{5}\left...

You may provide a definition with
\DeclareUnicodeCharacter 


G:/work/Journal2LaTeX/backend/temp/07caaddf-7874-4f26-9a87-138693dc2d74/rendere
d/main.tex:468: LaTeX Error: Unicode character ƚ (U+019A)
               not set up for use with LaTeX.

See the LaTeX manual or LaTeX Companion for explanation.
Type  H <return>  for immediate help.
 ...                                              
                                                  
l.468 ...ack = Ỻ\left\lbrack \psi_{5}\left( t,ƚ
                                                  (t) \right) \right\rbrack\)
You may provide a definition with
\DeclareUnicodeCharacter 


G:/work/Journal2LaTeX/backend/temp/07caaddf-7874-4f26-9a87-138693dc2d74/rendere
d/main.tex:470: LaTeX Error: Unicode character Ỻ (U+1EFA)
               not set up for use with LaTeX.

See the LaTeX manual or LaTeX Companion for explanation.
Type  H <return>  for immediate help.
 ...                                              
                                                  
l.470 \(Ỻ
           \left\lbrack 0FFCD_{t}^{\vartheta}\ Ɍ(t) \right\rbrack = Ỻ\lef...

You may provide a definition with
\DeclareUnicodeCharacter 


G:/work/Journal2LaTeX/backend/temp/07caaddf-7874-4f26-9a87-138693dc2d74/rendere
d/main.tex:470: LaTeX Error: Unicode character Ɍ (U+024C)
               not set up for use with LaTeX.

See the LaTeX manual or LaTeX Companion for explanation.
Type  H <return>  for immediate help.
 ...                                              
                                                  
l.470 \(Ỻ\left\lbrack 0FFCD_{t}^{\vartheta}\ Ɍ
                                                 (t) \right\rbrack = Ỻ\lef...

You may provide a definition with
\DeclareUnicodeCharacter 


G:/work/Journal2LaTeX/backend/temp/07caaddf-7874-4f26-9a87-138693dc2d74/rendere
d/main.tex:470: LaTeX Error: Unicode character Ỻ (U+1EFA)
               not set up for use with LaTeX.

See the LaTeX manual or LaTeX Companion for explanation.
Type  H <return>  for immediate help.
 ...                                              
                                                  
l.470 ...t}^{\vartheta}\ Ɍ(t) \right\rbrack = Ỻ
                                                  \left\lbrack \psi_{6}\left...

You may provide a definition with
\DeclareUnicodeCharacter 


G:/work/Journal2LaTeX/backend/temp/07caaddf-7874-4f26-9a87-138693dc2d74/rendere
d/main.tex:470: LaTeX Error: Unicode character Ɍ (U+024C)
               not set up for use with LaTeX.

See the LaTeX manual or LaTeX Companion for explanation.
Type  H <return>  for immediate help.
 ...                                              
                                                  
l.470 ...ack = Ỻ\left\lbrack \psi_{6}\left( t,Ɍ
                                                  (t) \right) \right\rbrack\)
You may provide a definition with
\DeclareUnicodeCharacter 


G:/work/Journal2LaTeX/backend/temp/07caaddf-7874-4f26-9a87-138693dc2d74/rendere
d/main.tex:474: LaTeX Error: Unicode character ȿ (U+023F)
               not set up for use with LaTeX.

See the LaTeX manual or LaTeX Companion for explanation.
Type  H <return>  for immediate help.
 ...                                              
                                                  
l.474 \(ȿ
          ^{\vartheta}Ỻ\left\lbrack 0FFCD_{t}^{\vartheta}\ Ş(t) \right\rb...

You may provide a definition with
\DeclareUnicodeCharacter 


G:/work/Journal2LaTeX/backend/temp/07caaddf-7874-4f26-9a87-138693dc2d74/rendere
d/main.tex:474: LaTeX Error: Unicode character Ỻ (U+1EFA)
               not set up for use with LaTeX.

See the LaTeX manual or LaTeX Companion for explanation.
Type  H <return>  for immediate help.
 ...                                              
                                                  
l.474 \(ȿ^{\vartheta}Ỻ
                         \left\lbrack 0FFCD_{t}^{\vartheta}\ Ş(t) \right\rb...

You may provide a definition with
\DeclareUnicodeCharacter 


LaTeX Warning: Command \c invalid in math mode on input line 474.


G:/work/Journal2LaTeX/backend/temp/07caaddf-7874-4f26-9a87-138693dc2d74/rendere
d/main.tex:474: LaTeX Error: Unicode character ȿ (U+023F)
               not set up for use with LaTeX.

See the LaTeX manual or LaTeX Companion for explanation.
Type  H <return>  for immediate help.
 ...                                              
                                                  
l.474 ...{t}^{\vartheta}\ Ş(t) \right\rbrack = ȿ
                                                  ^{\vartheta - 1}\widetilde...

You may provide a definition with
\DeclareUnicodeCharacter 


LaTeX Warning: Command \c invalid in math mode on input line 474.


LaTeX Warning: Command \c invalid in math mode on input line 474.


G:/work/Journal2LaTeX/backend/temp/07caaddf-7874-4f26-9a87-138693dc2d74/rendere
d/main.tex:474: LaTeX Error: Unicode character Ỻ (U+1EFA)
               not set up for use with LaTeX.

See the LaTeX manual or LaTeX Companion for explanation.
Type  H <return>  for immediate help.
 ...                                              
                                                  
l.474 ...^{\vartheta - 1}\widetilde{Ş}(0,r) + Ỻ
                                                  \left\lbrack \psi_{1}\left...

You may provide a definition with
\DeclareUnicodeCharacter 


LaTeX Warning: Command \c invalid in math mode on input line 474.


G:/work/Journal2LaTeX/backend/temp/07caaddf-7874-4f26-9a87-138693dc2d74/rendere
d/main.tex:476: LaTeX Error: Unicode character ȿ (U+023F)
               not set up for use with LaTeX.

See the LaTeX manual or LaTeX Companion for explanation.
Type  H <return>  for immediate help.
 ...                                              
                                                  
l.476 \(ȿ
          ^{\vartheta}Ỻ\left\lbrack 0FFCD_{t}^{\vartheta}\ M(t) \right\rbr...

You may provide a definition with
\DeclareUnicodeCharacter 


G:/work/Journal2LaTeX/backend/temp/07caaddf-7874-4f26-9a87-138693dc2d74/rendere
d/main.tex:476: LaTeX Error: Unicode character Ỻ (U+1EFA)
               not set up for use with LaTeX.

See the LaTeX manual or LaTeX Companion for explanation.
Type  H <return>  for immediate help.
 ...                                              
                                                  
l.476 \(ȿ^{\vartheta}Ỻ
                         \left\lbrack 0FFCD_{t}^{\vartheta}\ M(t) \right\rbr...

You may provide a definition with
\DeclareUnicodeCharacter 


G:/work/Journal2LaTeX/backend/temp/07caaddf-7874-4f26-9a87-138693dc2d74/rendere
d/main.tex:476: LaTeX Error: Unicode character ȿ (U+023F)
               not set up for use with LaTeX.

See the LaTeX manual or LaTeX Companion for explanation.
Type  H <return>  for immediate help.
 ...                                              
                                                  
l.476 ..._{t}^{\vartheta}\ M(t) \right\rbrack = ȿ
                                                  ^{\vartheta - 1}\widetilde...

You may provide a definition with
\DeclareUnicodeCharacter 


G:/work/Journal2LaTeX/backend/temp/07caaddf-7874-4f26-9a87-138693dc2d74/rendere
d/main.tex:476: LaTeX Error: Unicode character Ỻ (U+1EFA)
               not set up for use with LaTeX.

See the LaTeX manual or LaTeX Companion for explanation.
Type  H <return>  for immediate help.
 ...                                              
                                                  
l.476 ...�^{\vartheta - 1}\widetilde{M}(0,r) + Ỻ
                                                  \left\lbrack \psi_{2}\left...

You may provide a definition with
\DeclareUnicodeCharacter 


G:/work/Journal2LaTeX/backend/temp/07caaddf-7874-4f26-9a87-138693dc2d74/rendere
d/main.tex:478: LaTeX Error: Unicode character ȿ (U+023F)
               not set up for use with LaTeX.

See the LaTeX manual or LaTeX Companion for explanation.
Type  H <return>  for immediate help.
 ...                                              
                                                  
l.478 \(ȿ
          ^{\vartheta}Ỻ\left\lbrack 0FFCD_{t}^{\vartheta}\ N(t) \right\rbr...

You may provide a definition with
\DeclareUnicodeCharacter 


G:/work/Journal2LaTeX/backend/temp/07caaddf-7874-4f26-9a87-138693dc2d74/rendere
d/main.tex:478: LaTeX Error: Unicode character Ỻ (U+1EFA)
               not set up for use with LaTeX.

See the LaTeX manual or LaTeX Companion for explanation.
Type  H <return>  for immediate help.
 ...                                              
                                                  
l.478 \(ȿ^{\vartheta}Ỻ
                         \left\lbrack 0FFCD_{t}^{\vartheta}\ N(t) \right\rbr...

You may provide a definition with
\DeclareUnicodeCharacter 


G:/work/Journal2LaTeX/backend/temp/07caaddf-7874-4f26-9a87-138693dc2d74/rendere
d/main.tex:478: LaTeX Error: Unicode character ȿ (U+023F)
               not set up for use with LaTeX.

See the LaTeX manual or LaTeX Companion for explanation.
Type  H <return>  for immediate help.
 ...                                              
                                                  
l.478 ..._{t}^{\vartheta}\ N(t) \right\rbrack = ȿ
                                                  ^{\vartheta - 1}\widetilde...

You may provide a definition with
\DeclareUnicodeCharacter 


G:/work/Journal2LaTeX/backend/temp/07caaddf-7874-4f26-9a87-138693dc2d74/rendere
d/main.tex:478: LaTeX Error: Unicode character Ỻ (U+1EFA)
               not set up for use with LaTeX.

See the LaTeX manual or LaTeX Companion for explanation.
Type  H <return>  for immediate help.
 ...                                              
                                                  
l.478 ...�^{\vartheta - 1}\widetilde{N}(0,r) + Ỻ
                                                  \left\lbrack \psi_{3}\left...

You may provide a definition with
\DeclareUnicodeCharacter 

G:/work/Journal2LaTeX/backend/temp/07caaddf-7874-4f26-9a87-138693dc2d74/rendere
d/main.tex:479: Missing $ inserted.
<inserted text> 
                $
l.479 
      
I've inserted a begin-math/end-math symbol since I think
you left one out. Proceed, with fingers crossed.


G:/work/Journal2LaTeX/backend/temp/07caaddf-7874-4f26-9a87-138693dc2d74/rendere
d/main.tex:480: LaTeX Error: Unicode character ȿ (U+023F)
               not set up for use with LaTeX.

See the LaTeX manual or LaTeX Companion for explanation.
Type  H <return>  for immediate help.
 ...                                              
                                                  
l.480 \(ȿ
          ^{\vartheta}Ỻ\left\lbrack 0FFCD_{t}^{\vartheta}\ ₳(t) \right\r...

You may provide a definition with
\DeclareUnicodeCharacter 


G:/work/Journal2LaTeX/backend/temp/07caaddf-7874-4f26-9a87-138693dc2d74/rendere
d/main.tex:480: LaTeX Error: Unicode character Ỻ (U+1EFA)
               not set up for use with LaTeX.

See the LaTeX manual or LaTeX Companion for explanation.
Type  H <return>  for immediate help.
 ...                                              
                                                  
l.480 \(ȿ^{\vartheta}Ỻ
                         \left\lbrack 0FFCD_{t}^{\vartheta}\ ₳(t) \right\r...

You may provide a definition with
\DeclareUnicodeCharacter 


G:/work/Journal2LaTeX/backend/temp/07caaddf-7874-4f26-9a87-138693dc2d74/rendere
d/main.tex:480: LaTeX Error: Unicode character ₳ (U+20B3)
               not set up for use with LaTeX.

See the LaTeX manual or LaTeX Companion for explanation.
Type  H <return>  for immediate help.
 ...                                              
                                                  
l.480 ...��\left\lbrack 0FFCD_{t}^{\vartheta}\ ₳
                                                  (t) \right\rbrack = ȿ^{\v...

You may provide a definition with
\DeclareUnicodeCharacter 


G:/work/Journal2LaTeX/backend/temp/07caaddf-7874-4f26-9a87-138693dc2d74/rendere
d/main.tex:480: LaTeX Error: Unicode character ȿ (U+023F)
               not set up for use with LaTeX.

See the LaTeX manual or LaTeX Companion for explanation.
Type  H <return>  for immediate help.
 ...                                              
                                                  
l.480 ...t}^{\vartheta}\ ₳(t) \right\rbrack = ȿ
                                                  ^{\vartheta - 1}\widetilde...

You may provide a definition with
\DeclareUnicodeCharacter 


G:/work/Journal2LaTeX/backend/temp/07caaddf-7874-4f26-9a87-138693dc2d74/rendere
d/main.tex:480: LaTeX Error: Unicode character ₳ (U+20B3)
               not set up for use with LaTeX.

See the LaTeX manual or LaTeX Companion for explanation.
Type  H <return>  for immediate help.
 ...                                              
                                                  
l.480 ...brack = ȿ^{\vartheta - 1}\widetilde{₳}
                                                  (0,r) + Ỻ\left\lbrack \p...

You may provide a definition with
\DeclareUnicodeCharacter 


G:/work/Journal2LaTeX/backend/temp/07caaddf-7874-4f26-9a87-138693dc2d74/rendere
d/main.tex:480: LaTeX Error: Unicode character ₳ (U+20B3)
               not set up for use with LaTeX.

See the LaTeX manual or LaTeX Companion for explanation.
Type  H <return>  for immediate help.
 ...                                              
                                                  
l.480 ...brack = ȿ^{\vartheta - 1}\widetilde{₳}
                                                  (0,r) + Ỻ\left\lbrack \p...

You may provide a definition with
\DeclareUnicodeCharacter 


G:/work/Journal2LaTeX/backend/temp/07caaddf-7874-4f26-9a87-138693dc2d74/rendere
d/main.tex:480: LaTeX Error: Unicode character Ỻ (U+1EFA)
               not set up for use with LaTeX.

See the LaTeX manual or LaTeX Companion for explanation.
Type  H <return>  for immediate help.
 ...                                              
                                                  
l.480 ...{\vartheta - 1}\widetilde{₳}(0,r) + Ỻ
                                                  \left\lbrack \psi_{4}\left...

You may provide a definition with
\DeclareUnicodeCharacter 


G:/work/Journal2LaTeX/backend/temp/07caaddf-7874-4f26-9a87-138693dc2d74/rendere
d/main.tex:480: LaTeX Error: Unicode character ₳ (U+20B3)
               not set up for use with LaTeX.

See the LaTeX manual or LaTeX Companion for explanation.
Type  H <return>  for immediate help.
 ...                                              
                                                  
l.480 ...r) + Ỻ\left\lbrack \psi_{4}\left( t,₳
                                                  (t) \right) \right\rbrack,\)
You may provide a definition with
\DeclareUnicodeCharacter 


G:/work/Journal2LaTeX/backend/temp/07caaddf-7874-4f26-9a87-138693dc2d74/rendere
d/main.tex:482: LaTeX Error: Unicode character ȿ (U+023F)
               not set up for use with LaTeX.

See the LaTeX manual or LaTeX Companion for explanation.
Type  H <return>  for immediate help.
 ...                                              
                                                  
l.482 \(ȿ
          ^{\vartheta}Ỻ\left\lbrack 0FFCD_{t}^{\vartheta}\ ƚ(t) \right\rb...

You may provide a definition with
\DeclareUnicodeCharacter 


G:/work/Journal2LaTeX/backend/temp/07caaddf-7874-4f26-9a87-138693dc2d74/rendere
d/main.tex:482: LaTeX Error: Unicode character Ỻ (U+1EFA)
               not set up for use with LaTeX.

See the LaTeX manual or LaTeX Companion for explanation.
Type  H <return>  for immediate help.
 ...                                              
                                                  
l.482 \(ȿ^{\vartheta}Ỻ
                         \left\lbrack 0FFCD_{t}^{\vartheta}\ ƚ(t) \right\rb...

You may provide a definition with
\DeclareUnicodeCharacter 


G:/work/Journal2LaTeX/backend/temp/07caaddf-7874-4f26-9a87-138693dc2d74/rendere
d/main.tex:482: LaTeX Error: Unicode character ƚ (U+019A)
               not set up for use with LaTeX.

See the LaTeX manual or LaTeX Companion for explanation.
Type  H <return>  for immediate help.
 ...                                              
                                                  
l.482 ...Ỻ\left\lbrack 0FFCD_{t}^{\vartheta}\ ƚ
                                                  (t) \right\rbrack = ȿ^{\v...

You may provide a definition with
\DeclareUnicodeCharacter 


G:/work/Journal2LaTeX/backend/temp/07caaddf-7874-4f26-9a87-138693dc2d74/rendere
d/main.tex:482: LaTeX Error: Unicode character ȿ (U+023F)
               not set up for use with LaTeX.

See the LaTeX manual or LaTeX Companion for explanation.
Type  H <return>  for immediate help.
 ...                                              
                                                  
l.482 ...{t}^{\vartheta}\ ƚ(t) \right\rbrack = ȿ
                                                  ^{\vartheta - 1}\widetilde...

You may provide a definition with
\DeclareUnicodeCharacter 


G:/work/Journal2LaTeX/backend/temp/07caaddf-7874-4f26-9a87-138693dc2d74/rendere
d/main.tex:482: LaTeX Error: Unicode character ƚ (U+019A)
               not set up for use with LaTeX.

See the LaTeX manual or LaTeX Companion for explanation.
Type  H <return>  for immediate help.
 ...                                              
                                                  
l.482 ...rbrack = ȿ^{\vartheta - 1}\widetilde{ƚ}
                                                  (0,r) + Ỻ\left\lbrack \p...

You may provide a definition with
\DeclareUnicodeCharacter 


G:/work/Journal2LaTeX/backend/temp/07caaddf-7874-4f26-9a87-138693dc2d74/rendere
d/main.tex:482: LaTeX Error: Unicode character ƚ (U+019A)
               not set up for use with LaTeX.

See the LaTeX manual or LaTeX Companion for explanation.
Type  H <return>  for immediate help.
 ...                                              
                                                  
l.482 ...rbrack = ȿ^{\vartheta - 1}\widetilde{ƚ}
                                                  (0,r) + Ỻ\left\lbrack \p...

You may provide a definition with
\DeclareUnicodeCharacter 


G:/work/Journal2LaTeX/backend/temp/07caaddf-7874-4f26-9a87-138693dc2d74/rendere
d/main.tex:482: LaTeX Error: Unicode character Ỻ (U+1EFA)
               not set up for use with LaTeX.

See the LaTeX manual or LaTeX Companion for explanation.
Type  H <return>  for immediate help.
 ...                                              
                                                  
l.482 ...^{\vartheta - 1}\widetilde{ƚ}(0,r) + Ỻ
                                                  \left\lbrack \psi_{5}\left...

You may provide a definition with
\DeclareUnicodeCharacter 


G:/work/Journal2LaTeX/backend/temp/07caaddf-7874-4f26-9a87-138693dc2d74/rendere
d/main.tex:482: LaTeX Error: Unicode character ƚ (U+019A)
               not set up for use with LaTeX.

See the LaTeX manual or LaTeX Companion for explanation.
Type  H <return>  for immediate help.
 ...                                              
                                                  
l.482 ...,r) + Ỻ\left\lbrack \psi_{5}\left( t,ƚ
                                                  (t) \right) \right\rbrack,\)
You may provide a definition with
\DeclareUnicodeCharacter 


G:/work/Journal2LaTeX/backend/temp/07caaddf-7874-4f26-9a87-138693dc2d74/rendere
d/main.tex:484: LaTeX Error: Unicode character ȿ (U+023F)
               not set up for use with LaTeX.

See the LaTeX manual or LaTeX Companion for explanation.
Type  H <return>  for immediate help.
 ...                                              
                                                  
l.484 \(ȿ
          ^{\vartheta}Ỻ\left\lbrack 0FFCD_{t}^{\vartheta}\ Ɍ(t) \right\rb...

You may provide a definition with
\DeclareUnicodeCharacter 


G:/work/Journal2LaTeX/backend/temp/07caaddf-7874-4f26-9a87-138693dc2d74/rendere
d/main.tex:484: LaTeX Error: Unicode character Ỻ (U+1EFA)
               not set up for use with LaTeX.

See the LaTeX manual or LaTeX Companion for explanation.
Type  H <return>  for immediate help.
 ...                                              
                                                  
l.484 \(ȿ^{\vartheta}Ỻ
                         \left\lbrack 0FFCD_{t}^{\vartheta}\ Ɍ(t) \right\rb...

You may provide a definition with
\DeclareUnicodeCharacter 


G:/work/Journal2LaTeX/backend/temp/07caaddf-7874-4f26-9a87-138693dc2d74/rendere
d/main.tex:484: LaTeX Error: Unicode character Ɍ (U+024C)
               not set up for use with LaTeX.

See the LaTeX manual or LaTeX Companion for explanation.
Type  H <return>  for immediate help.
 ...                                              
                                                  
l.484 ...Ỻ\left\lbrack 0FFCD_{t}^{\vartheta}\ Ɍ
                                                  (t) \right\rbrack = ȿ^{\v...

You may provide a definition with
\DeclareUnicodeCharacter 


G:/work/Journal2LaTeX/backend/temp/07caaddf-7874-4f26-9a87-138693dc2d74/rendere
d/main.tex:484: LaTeX Error: Unicode character ȿ (U+023F)
               not set up for use with LaTeX.

See the LaTeX manual or LaTeX Companion for explanation.
Type  H <return>  for immediate help.
 ...                                              
                                                  
l.484 ...{t}^{\vartheta}\ Ɍ(t) \right\rbrack = ȿ
                                                  ^{\vartheta - 1}\widetilde...

You may provide a definition with
\DeclareUnicodeCharacter 


G:/work/Journal2LaTeX/backend/temp/07caaddf-7874-4f26-9a87-138693dc2d74/rendere
d/main.tex:484: LaTeX Error: Unicode character Ɍ (U+024C)
               not set up for use with LaTeX.

See the LaTeX manual or LaTeX Companion for explanation.
Type  H <return>  for immediate help.
 ...                                              
                                                  
l.484 ...rbrack = ȿ^{\vartheta - 1}\widetilde{Ɍ}
                                                  (0,r) + Ỻ\left\lbrack \p...

You may provide a definition with
\DeclareUnicodeCharacter 


G:/work/Journal2LaTeX/backend/temp/07caaddf-7874-4f26-9a87-138693dc2d74/rendere
d/main.tex:484: LaTeX Error: Unicode character Ɍ (U+024C)
               not set up for use with LaTeX.

See the LaTeX manual or LaTeX Companion for explanation.
Type  H <return>  for immediate help.
 ...                                              
                                                  
l.484 ...rbrack = ȿ^{\vartheta - 1}\widetilde{Ɍ}
                                                  (0,r) + Ỻ\left\lbrack \p...

You may provide a definition with
\DeclareUnicodeCharacter 


G:/work/Journal2LaTeX/backend/temp/07caaddf-7874-4f26-9a87-138693dc2d74/rendere
d/main.tex:484: LaTeX Error: Unicode character Ỻ (U+1EFA)
               not set up for use with LaTeX.

See the LaTeX manual or LaTeX Companion for explanation.
Type  H <return>  for immediate help.
 ...                                              
                                                  
l.484 ...^{\vartheta - 1}\widetilde{Ɍ}(0,r) + Ỻ
                                                  \left\lbrack \psi_{6}\left...

You may provide a definition with
\DeclareUnicodeCharacter 


G:/work/Journal2LaTeX/backend/temp/07caaddf-7874-4f26-9a87-138693dc2d74/rendere
d/main.tex:484: LaTeX Error: Unicode character Ɍ (U+024C)
               not set up for use with LaTeX.

See the LaTeX manual or LaTeX Companion for explanation.
Type  H <return>  for immediate help.
 ...                                              
                                                  
l.484 ...,r) + Ỻ\left\lbrack \psi_{6}\left( t,Ɍ
                                                  (t) \right) \right\rbrack\).
You may provide a definition with
\DeclareUnicodeCharacter 


G:/work/Journal2LaTeX/backend/temp/07caaddf-7874-4f26-9a87-138693dc2d74/rendere
d/main.tex:488: LaTeX Error: Unicode character Ỻ (U+1EFA)
               not set up for use with LaTeX.

See the LaTeX manual or LaTeX Companion for explanation.
Type  H <return>  for immediate help.
 ...                                              
                                                  
l.488 \(Ỻ
           \left\lbrack 0FFCD_{t}^{\vartheta}\ Ş(t) \right\rbrack = \frac{1...

You may provide a definition with
\DeclareUnicodeCharacter 


LaTeX Warning: Command \c invalid in math mode on input line 488.


G:/work/Journal2LaTeX/backend/temp/07caaddf-7874-4f26-9a87-138693dc2d74/rendere
d/main.tex:488: LaTeX Error: Unicode character ȿ (U+023F)
               not set up for use with LaTeX.

See the LaTeX manual or LaTeX Companion for explanation.
Type  H <return>  for immediate help.
 ...                                              
                                                  
l.488 ...heta}\ Ş(t) \right\rbrack = \frac{1}{ȿ}
                                                  \widetilde{Ş}(0,r) + \fra...

You may provide a definition with
\DeclareUnicodeCharacter 


LaTeX Warning: Command \c invalid in math mode on input line 488.


LaTeX Warning: Command \c invalid in math mode on input line 488.


G:/work/Journal2LaTeX/backend/temp/07caaddf-7874-4f26-9a87-138693dc2d74/rendere
d/main.tex:488: LaTeX Error: Unicode character ȿ (U+023F)
               not set up for use with LaTeX.

See the LaTeX manual or LaTeX Companion for explanation.
Type  H <return>  for immediate help.
 ...                                              
                                                  
l.488 ...tilde{Ş}(0,r) + \frac{1}{ȿ^{\vartheta}}
                                                  Ỻ\left\lbrack \psi_{1}\l...

You may provide a definition with
\DeclareUnicodeCharacter 


G:/work/Journal2LaTeX/backend/temp/07caaddf-7874-4f26-9a87-138693dc2d74/rendere
d/main.tex:488: LaTeX Error: Unicode character Ỻ (U+1EFA)
               not set up for use with LaTeX.

See the LaTeX manual or LaTeX Companion for explanation.
Type  H <return>  for immediate help.
 ...                                              
                                                  
l.488 ...de{Ş}(0,r) + \frac{1}{ȿ^{\vartheta}}Ỻ
                                                  \left\lbrack \psi_{1}\left...

You may provide a definition with
\DeclareUnicodeCharacter 


LaTeX Warning: Command \c invalid in math mode on input line 488.


G:/work/Journal2LaTeX/backend/temp/07caaddf-7874-4f26-9a87-138693dc2d74/rendere
d/main.tex:490: LaTeX Error: Unicode character Ỻ (U+1EFA)
               not set up for use with LaTeX.

See the LaTeX manual or LaTeX Companion for explanation.
Type  H <return>  for immediate help.
 ...                                              
                                                  
l.490 \(Ỻ
           \left\lbrack 0FFCD_{t}^{\vartheta}M(t) \right\rbrack = \frac{1}{�...

You may provide a definition with
\DeclareUnicodeCharacter 


G:/work/Journal2LaTeX/backend/temp/07caaddf-7874-4f26-9a87-138693dc2d74/rendere
d/main.tex:490: LaTeX Error: Unicode character ȿ (U+023F)
               not set up for use with LaTeX.

See the LaTeX manual or LaTeX Companion for explanation.
Type  H <return>  for immediate help.
 ...                                              
                                                  
l.490 ...artheta}M(t) \right\rbrack = \frac{1}{ȿ}
                                                  \widetilde{M}(0,r) + \frac...

You may provide a definition with
\DeclareUnicodeCharacter 


G:/work/Journal2LaTeX/backend/temp/07caaddf-7874-4f26-9a87-138693dc2d74/rendere
d/main.tex:490: LaTeX Error: Unicode character ȿ (U+023F)
               not set up for use with LaTeX.

See the LaTeX manual or LaTeX Companion for explanation.
Type  H <return>  for immediate help.
 ...                                              
                                                  
l.490 ...etilde{M}(0,r) + \frac{1}{ȿ^{\vartheta}}
                                                  Ỻ\left\lbrack \psi_{2}\l...

You may provide a definition with
\DeclareUnicodeCharacter 


G:/work/Journal2LaTeX/backend/temp/07caaddf-7874-4f26-9a87-138693dc2d74/rendere
d/main.tex:490: LaTeX Error: Unicode character Ỻ (U+1EFA)
               not set up for use with LaTeX.

See the LaTeX manual or LaTeX Companion for explanation.
Type  H <return>  for immediate help.
 ...                                              
                                                  
l.490 ...lde{M}(0,r) + \frac{1}{ȿ^{\vartheta}}Ỻ
                                                  \left\lbrack \psi_{2}\left...

You may provide a definition with
\DeclareUnicodeCharacter 


G:/work/Journal2LaTeX/backend/temp/07caaddf-7874-4f26-9a87-138693dc2d74/rendere
d/main.tex:492: LaTeX Error: Unicode character Ỻ (U+1EFA)
               not set up for use with LaTeX.

See the LaTeX manual or LaTeX Companion for explanation.
Type  H <return>  for immediate help.
 ...                                              
                                                  
l.492 \(Ỻ
           \left\lbrack 0FFCD_{t}^{\vartheta}\ N(t) \right\rbrack = \frac{1}...

You may provide a definition with
\DeclareUnicodeCharacter 


G:/work/Journal2LaTeX/backend/temp/07caaddf-7874-4f26-9a87-138693dc2d74/rendere
d/main.tex:492: LaTeX Error: Unicode character ȿ (U+023F)
               not set up for use with LaTeX.

See the LaTeX manual or LaTeX Companion for explanation.
Type  H <return>  for immediate help.
 ...                                              
                                                  
l.492 ...theta}\ N(t) \right\rbrack = \frac{1}{ȿ}
                                                  \widetilde{N}(0,r) + \frac...

You may provide a definition with
\DeclareUnicodeCharacter 


G:/work/Journal2LaTeX/backend/temp/07caaddf-7874-4f26-9a87-138693dc2d74/rendere
d/main.tex:492: LaTeX Error: Unicode character ȿ (U+023F)
               not set up for use with LaTeX.

See the LaTeX manual or LaTeX Companion for explanation.
Type  H <return>  for immediate help.
 ...                                              
                                                  
l.492 ...etilde{N}(0,r) + \frac{1}{ȿ^{\vartheta}}
                                                  Ỻ\left\lbrack \psi_{3}\l...

You may provide a definition with
\DeclareUnicodeCharacter 


G:/work/Journal2LaTeX/backend/temp/07caaddf-7874-4f26-9a87-138693dc2d74/rendere
d/main.tex:492: LaTeX Error: Unicode character Ỻ (U+1EFA)
               not set up for use with LaTeX.

See the LaTeX manual or LaTeX Companion for explanation.
Type  H <return>  for immediate help.
 ...                                              
                                                  
l.492 ...lde{N}(0,r) + \frac{1}{ȿ^{\vartheta}}Ỻ
                                                  \left\lbrack \psi_{3}\left...

You may provide a definition with
\DeclareUnicodeCharacter 


G:/work/Journal2LaTeX/backend/temp/07caaddf-7874-4f26-9a87-138693dc2d74/rendere
d/main.tex:494: LaTeX Error: Unicode character Ỻ (U+1EFA)
               not set up for use with LaTeX.

See the LaTeX manual or LaTeX Companion for explanation.
Type  H <return>  for immediate help.
 ...                                              
                                                  
l.494 \(Ỻ
           \left\lbrack 0FFCD_{t}^{\vartheta}\ ₳(t) \right\rbrack = \frac{...

You may provide a definition with
\DeclareUnicodeCharacter 


G:/work/Journal2LaTeX/backend/temp/07caaddf-7874-4f26-9a87-138693dc2d74/rendere
d/main.tex:494: LaTeX Error: Unicode character ₳ (U+20B3)
               not set up for use with LaTeX.

See the LaTeX manual or LaTeX Companion for explanation.
Type  H <return>  for immediate help.
 ...                                              
                                                  
l.494 \(Ỻ\left\lbrack 0FFCD_{t}^{\vartheta}\ ₳
                                                  (t) \right\rbrack = \frac{...

You may provide a definition with
\DeclareUnicodeCharacter 


G:/work/Journal2LaTeX/backend/temp/07caaddf-7874-4f26-9a87-138693dc2d74/rendere
d/main.tex:494: LaTeX Error: Unicode character ȿ (U+023F)
               not set up for use with LaTeX.

See the LaTeX manual or LaTeX Companion for explanation.
Type  H <return>  for immediate help.
 ...                                              
                                                  
l.494 ...eta}\ ₳(t) \right\rbrack = \frac{1}{ȿ}
                                                  \widetilde{₳}(0,r) + \fr...

You may provide a definition with
\DeclareUnicodeCharacter 


G:/work/Journal2LaTeX/backend/temp/07caaddf-7874-4f26-9a87-138693dc2d74/rendere
d/main.tex:494: LaTeX Error: Unicode character ₳ (U+20B3)
               not set up for use with LaTeX.

See the LaTeX manual or LaTeX Companion for explanation.
Type  H <return>  for immediate help.
 ...                                              
                                                  
l.494 ...ight\rbrack = \frac{1}{ȿ}\widetilde{₳}
                                                  (0,r) + \frac{1}{ȿ^{\vart...

You may provide a definition with
\DeclareUnicodeCharacter 


G:/work/Journal2LaTeX/backend/temp/07caaddf-7874-4f26-9a87-138693dc2d74/rendere
d/main.tex:494: LaTeX Error: Unicode character ₳ (U+20B3)
               not set up for use with LaTeX.

See the LaTeX manual or LaTeX Companion for explanation.
Type  H <return>  for immediate help.
 ...                                              
                                                  
l.494 ...ight\rbrack = \frac{1}{ȿ}\widetilde{₳}
                                                  (0,r) + \frac{1}{ȿ^{\vart...

You may provide a definition with
\DeclareUnicodeCharacter 


G:/work/Journal2LaTeX/backend/temp/07caaddf-7874-4f26-9a87-138693dc2d74/rendere
d/main.tex:494: LaTeX Error: Unicode character ȿ (U+023F)
               not set up for use with LaTeX.

See the LaTeX manual or LaTeX Companion for explanation.
Type  H <return>  for immediate help.
 ...                                              
                                                  
l.494 ...ilde{₳}(0,r) + \frac{1}{ȿ^{\vartheta}}
                                                  Ỻ\left\lbrack \psi_{4}\l...

You may provide a definition with
\DeclareUnicodeCharacter 


G:/work/Journal2LaTeX/backend/temp/07caaddf-7874-4f26-9a87-138693dc2d74/rendere
d/main.tex:494: LaTeX Error: Unicode character Ỻ (U+1EFA)
               not set up for use with LaTeX.

See the LaTeX manual or LaTeX Companion for explanation.
Type  H <return>  for immediate help.
 ...                                              
                                                  
l.494 ...e{₳}(0,r) + \frac{1}{ȿ^{\vartheta}}Ỻ
                                                  \left\lbrack \psi_{4}\left...

You may provide a definition with
\DeclareUnicodeCharacter 


G:/work/Journal2LaTeX/backend/temp/07caaddf-7874-4f26-9a87-138693dc2d74/rendere
d/main.tex:494: LaTeX Error: Unicode character ₳ (U+20B3)
               not set up for use with LaTeX.

See the LaTeX manual or LaTeX Companion for explanation.
Type  H <return>  for immediate help.
 ...                                              
                                                  
l.494 ...eta}}Ỻ\left\lbrack \psi_{4}\left( t,₳
                                                  (t) \right) \right\rbrack,\)
You may provide a definition with
\DeclareUnicodeCharacter 


G:/work/Journal2LaTeX/backend/temp/07caaddf-7874-4f26-9a87-138693dc2d74/rendere
d/main.tex:496: LaTeX Error: Unicode character Ỻ (U+1EFA)
               not set up for use with LaTeX.

See the LaTeX manual or LaTeX Companion for explanation.
Type  H <return>  for immediate help.
 ...                                              
                                                  
l.496 \(Ỻ
           \left\lbrack 0FFCD_{t}^{\vartheta}\ ƚ(t) \right\rbrack = \frac{1...

You may provide a definition with
\DeclareUnicodeCharacter 


G:/work/Journal2LaTeX/backend/temp/07caaddf-7874-4f26-9a87-138693dc2d74/rendere
d/main.tex:496: LaTeX Error: Unicode character ƚ (U+019A)
               not set up for use with LaTeX.

See the LaTeX manual or LaTeX Companion for explanation.
Type  H <return>  for immediate help.
 ...                                              
                                                  
l.496 \(Ỻ\left\lbrack 0FFCD_{t}^{\vartheta}\ ƚ
                                                 (t) \right\rbrack = \frac{1...

You may provide a definition with
\DeclareUnicodeCharacter 


G:/work/Journal2LaTeX/backend/temp/07caaddf-7874-4f26-9a87-138693dc2d74/rendere
d/main.tex:496: LaTeX Error: Unicode character ȿ (U+023F)
               not set up for use with LaTeX.

See the LaTeX manual or LaTeX Companion for explanation.
Type  H <return>  for immediate help.
 ...                                              
                                                  
l.496 ...heta}\ ƚ(t) \right\rbrack = \frac{1}{ȿ}
                                                  \widetilde{ƚ}(0,r) + \fra...

You may provide a definition with
\DeclareUnicodeCharacter 


G:/work/Journal2LaTeX/backend/temp/07caaddf-7874-4f26-9a87-138693dc2d74/rendere
d/main.tex:496: LaTeX Error: Unicode character ƚ (U+019A)
               not set up for use with LaTeX.

See the LaTeX manual or LaTeX Companion for explanation.
Type  H <return>  for immediate help.
 ...                                              
                                                  
l.496 ...right\rbrack = \frac{1}{ȿ}\widetilde{ƚ}
                                                  (0,r) + \frac{1}{ȿ^{\vart...

You may provide a definition with
\DeclareUnicodeCharacter 


G:/work/Journal2LaTeX/backend/temp/07caaddf-7874-4f26-9a87-138693dc2d74/rendere
d/main.tex:496: LaTeX Error: Unicode character ƚ (U+019A)
               not set up for use with LaTeX.

See the LaTeX manual or LaTeX Companion for explanation.
Type  H <return>  for immediate help.
 ...                                              
                                                  
l.496 ...right\rbrack = \frac{1}{ȿ}\widetilde{ƚ}
                                                  (0,r) + \frac{1}{ȿ^{\vart...

You may provide a definition with
\DeclareUnicodeCharacter 


G:/work/Journal2LaTeX/backend/temp/07caaddf-7874-4f26-9a87-138693dc2d74/rendere
d/main.tex:496: LaTeX Error: Unicode character ȿ (U+023F)
               not set up for use with LaTeX.

See the LaTeX manual or LaTeX Companion for explanation.
Type  H <return>  for immediate help.
 ...                                              
                                                  
l.496 ...tilde{ƚ}(0,r) + \frac{1}{ȿ^{\vartheta}}
                                                  Ỻ\left\lbrack \psi_{5}\l...

You may provide a definition with
\DeclareUnicodeCharacter 


G:/work/Journal2LaTeX/backend/temp/07caaddf-7874-4f26-9a87-138693dc2d74/rendere
d/main.tex:496: LaTeX Error: Unicode character Ỻ (U+1EFA)
               not set up for use with LaTeX.

See the LaTeX manual or LaTeX Companion for explanation.
Type  H <return>  for immediate help.
 ...                                              
                                                  
l.496 ...de{ƚ}(0,r) + \frac{1}{ȿ^{\vartheta}}Ỻ
                                                  \left\lbrack \psi_{5}\left...

You may provide a definition with
\DeclareUnicodeCharacter 


G:/work/Journal2LaTeX/backend/temp/07caaddf-7874-4f26-9a87-138693dc2d74/rendere
d/main.tex:496: LaTeX Error: Unicode character ƚ (U+019A)
               not set up for use with LaTeX.

See the LaTeX manual or LaTeX Companion for explanation.
Type  H <return>  for immediate help.
 ...                                              
                                                  
l.496 ...heta}}Ỻ\left\lbrack \psi_{5}\left( t,ƚ
                                                  (t) \right) \right\rbrack,\)
You may provide a definition with
\DeclareUnicodeCharacter 


G:/work/Journal2LaTeX/backend/temp/07caaddf-7874-4f26-9a87-138693dc2d74/rendere
d/main.tex:498: LaTeX Error: Unicode character Ỻ (U+1EFA)
               not set up for use with LaTeX.

See the LaTeX manual or LaTeX Companion for explanation.
Type  H <return>  for immediate help.
 ...                                              
                                                  
l.498 \(Ỻ
           \left\lbrack 0FFCD_{t}^{\vartheta}\ Ɍ(t) \right\rbrack = \frac{1...

You may provide a definition with
\DeclareUnicodeCharacter 


G:/work/Journal2LaTeX/backend/temp/07caaddf-7874-4f26-9a87-138693dc2d74/rendere
d/main.tex:498: LaTeX Error: Unicode character Ɍ (U+024C)
               not set up for use with LaTeX.

See the LaTeX manual or LaTeX Companion for explanation.
Type  H <return>  for immediate help.
 ...                                              
                                                  
l.498 \(Ỻ\left\lbrack 0FFCD_{t}^{\vartheta}\ Ɍ
                                                 (t) \right\rbrack = \frac{1...

You may provide a definition with
\DeclareUnicodeCharacter 


G:/work/Journal2LaTeX/backend/temp/07caaddf-7874-4f26-9a87-138693dc2d74/rendere
d/main.tex:498: LaTeX Error: Unicode character ȿ (U+023F)
               not set up for use with LaTeX.

See the LaTeX manual or LaTeX Companion for explanation.
Type  H <return>  for immediate help.
 ...                                              
                                                  
l.498 ...heta}\ Ɍ(t) \right\rbrack = \frac{1}{ȿ}
                                                  \widetilde{Ɍ}(0,r) + \fra...

You may provide a definition with
\DeclareUnicodeCharacter 


G:/work/Journal2LaTeX/backend/temp/07caaddf-7874-4f26-9a87-138693dc2d74/rendere
d/main.tex:498: LaTeX Error: Unicode character Ɍ (U+024C)
               not set up for use with LaTeX.

See the LaTeX manual or LaTeX Companion for explanation.
Type  H <return>  for immediate help.
 ...                                              
                                                  
l.498 ...right\rbrack = \frac{1}{ȿ}\widetilde{Ɍ}
                                                  (0,r) + \frac{1}{ȿ^{\vart...

You may provide a definition with
\DeclareUnicodeCharacter 


G:/work/Journal2LaTeX/backend/temp/07caaddf-7874-4f26-9a87-138693dc2d74/rendere
d/main.tex:498: LaTeX Error: Unicode character Ɍ (U+024C)
               not set up for use with LaTeX.

See the LaTeX manual or LaTeX Companion for explanation.
Type  H <return>  for immediate help.
 ...                                              
                                                  
l.498 ...right\rbrack = \frac{1}{ȿ}\widetilde{Ɍ}
                                                  (0,r) + \frac{1}{ȿ^{\vart...

You may provide a definition with
\DeclareUnicodeCharacter 


G:/work/Journal2LaTeX/backend/temp/07caaddf-7874-4f26-9a87-138693dc2d74/rendere
d/main.tex:498: LaTeX Error: Unicode character ȿ (U+023F)
               not set up for use with LaTeX.

See the LaTeX manual or LaTeX Companion for explanation.
Type  H <return>  for immediate help.
 ...                                              
                                                  
l.498 ...tilde{Ɍ}(0,r) + \frac{1}{ȿ^{\vartheta}}
                                                  Ỻ\left\lbrack \psi_{6}\l...

You may provide a definition with
\DeclareUnicodeCharacter 


G:/work/Journal2LaTeX/backend/temp/07caaddf-7874-4f26-9a87-138693dc2d74/rendere
d/main.tex:498: LaTeX Error: Unicode character Ỻ (U+1EFA)
               not set up for use with LaTeX.

See the LaTeX manual or LaTeX Companion for explanation.
Type  H <return>  for immediate help.
 ...                                              
                                                  
l.498 ...de{Ɍ}(0,r) + \frac{1}{ȿ^{\vartheta}}Ỻ
                                                  \left\lbrack \psi_{6}\left...

You may provide a definition with
\DeclareUnicodeCharacter 


G:/work/Journal2LaTeX/backend/temp/07caaddf-7874-4f26-9a87-138693dc2d74/rendere
d/main.tex:498: LaTeX Error: Unicode character Ɍ (U+024C)
               not set up for use with LaTeX.

See the LaTeX manual or LaTeX Companion for explanation.
Type  H <return>  for immediate help.
 ...                                              
                                                  
l.498 ...heta}}Ỻ\left\lbrack \psi_{6}\left( t,Ɍ
                                                  (t) \right) \right\rbrack.\)
You may provide a definition with
\DeclareUnicodeCharacter 


LaTeX Warning: Command \c invalid in math mode on input line 502.


LaTeX Warning: Command \c invalid in math mode on input line 502.


G:/work/Journal2LaTeX/backend/temp/07caaddf-7874-4f26-9a87-138693dc2d74/rendere
d/main.tex:508: LaTeX Error: Unicode character ₳ (U+20B3)
               not set up for use with LaTeX.

See the LaTeX manual or LaTeX Companion for explanation.
Type  H <return>  for immediate help.
 ...                                              
                                                  
l.508 \(₳
           (t) = \sum_{n = 0}^{\infty}{}₳_{n}(t)\)
You may provide a definition with
\DeclareUnicodeCharacter 


G:/work/Journal2LaTeX/backend/temp/07caaddf-7874-4f26-9a87-138693dc2d74/rendere
d/main.tex:508: LaTeX Error: Unicode character ₳ (U+20B3)
               not set up for use with LaTeX.

See the LaTeX manual or LaTeX Companion for explanation.
Type  H <return>  for immediate help.
 ...                                              
                                                  
l.508 \(₳(t) = \sum_{n = 0}^{\infty}{}₳
                                           _{n}(t)\)
You may provide a definition with
\DeclareUnicodeCharacter 


G:/work/Journal2LaTeX/backend/temp/07caaddf-7874-4f26-9a87-138693dc2d74/rendere
d/main.tex:510: LaTeX Error: Unicode character ƚ (U+019A)
               not set up for use with LaTeX.

See the LaTeX manual or LaTeX Companion for explanation.
Type  H <return>  for immediate help.
 ...                                              
                                                  
l.510 \(ƚ
          (t) = \sum_{n = 0}^{\infty}{}ƚ_{n}(t)\)
You may provide a definition with
\DeclareUnicodeCharacter 


G:/work/Journal2LaTeX/backend/temp/07caaddf-7874-4f26-9a87-138693dc2d74/rendere
d/main.tex:510: LaTeX Error: Unicode character ƚ (U+019A)
               not set up for use with LaTeX.

See the LaTeX manual or LaTeX Companion for explanation.
Type  H <return>  for immediate help.
 ...                                              
                                                  
l.510 \(ƚ(t) = \sum_{n = 0}^{\infty}{}ƚ
                                         _{n}(t)\)
You may provide a definition with
\DeclareUnicodeCharacter 


G:/work/Journal2LaTeX/backend/temp/07caaddf-7874-4f26-9a87-138693dc2d74/rendere
d/main.tex:512: LaTeX Error: Unicode character Ɍ (U+024C)
               not set up for use with LaTeX.

See the LaTeX manual or LaTeX Companion for explanation.
Type  H <return>  for immediate help.
 ...                                              
                                                  
l.512 \(Ɍ
          (t) = \sum_{n = 0}^{\infty}{}Ɍ_{n}(t)\)
You may provide a definition with
\DeclareUnicodeCharacter 


G:/work/Journal2LaTeX/backend/temp/07caaddf-7874-4f26-9a87-138693dc2d74/rendere
d/main.tex:512: LaTeX Error: Unicode character Ɍ (U+024C)
               not set up for use with LaTeX.

See the LaTeX manual or LaTeX Companion for explanation.
Type  H <return>  for immediate help.
 ...                                              
                                                  
l.512 \(Ɍ(t) = \sum_{n = 0}^{\infty}{}Ɍ
                                         _{n}(t)\)
You may provide a definition with
\DeclareUnicodeCharacter 


LaTeX Warning: Command \c invalid in math mode on input line 516.


LaTeX Warning: Command \c invalid in math mode on input line 516.


G:/work/Journal2LaTeX/backend/temp/07caaddf-7874-4f26-9a87-138693dc2d74/rendere
d/main.tex:520: LaTeX Error: Unicode character Ỻ (U+1EFA)
               not set up for use with LaTeX.

See the LaTeX manual or LaTeX Companion for explanation.
Type  H <return>  for immediate help.
 ...                                              
                                                  
l.520 \(Ỻ
           \left\lbrack \sum_{n = 0}^{\infty}{}Ş_{n}(t) \right\rbrack = \fr...

You may provide a definition with
\DeclareUnicodeCharacter 


LaTeX Warning: Command \c invalid in math mode on input line 520.


G:/work/Journal2LaTeX/backend/temp/07caaddf-7874-4f26-9a87-138693dc2d74/rendere
d/main.tex:520: LaTeX Error: Unicode character ȿ (U+023F)
               not set up for use with LaTeX.

See the LaTeX manual or LaTeX Companion for explanation.
Type  H <return>  for immediate help.
 ...                                              
                                                  
l.520 ...}{}Ş_{n}(t) \right\rbrack = \frac{1}{ȿ}
                                                  \widetilde{Ş}(0,r) + \fra...

You may provide a definition with
\DeclareUnicodeCharacter 


LaTeX Warning: Command \c invalid in math mode on input line 520.


LaTeX Warning: Command \c invalid in math mode on input line 520.


G:/work/Journal2LaTeX/backend/temp/07caaddf-7874-4f26-9a87-138693dc2d74/rendere
d/main.tex:520: LaTeX Error: Unicode character ȿ (U+023F)
               not set up for use with LaTeX.

See the LaTeX manual or LaTeX Companion for explanation.
Type  H <return>  for immediate help.
 ...                                              
                                                  
l.520 ...tilde{Ş}(0,r) + \frac{1}{ȿ^{\vartheta}}
                                                  Ỻ\left\lbrack \psi_{1}\l...

You may provide a definition with
\DeclareUnicodeCharacter 


G:/work/Journal2LaTeX/backend/temp/07caaddf-7874-4f26-9a87-138693dc2d74/rendere
d/main.tex:520: LaTeX Error: Unicode character Ỻ (U+1EFA)
               not set up for use with LaTeX.

See the LaTeX manual or LaTeX Companion for explanation.
Type  H <return>  for immediate help.
 ...                                              
                                                  
l.520 ...de{Ş}(0,r) + \frac{1}{ȿ^{\vartheta}}Ỻ
                                                  \left\lbrack \psi_{1}\left...

You may provide a definition with
\DeclareUnicodeCharacter 


LaTeX Warning: Command \c invalid in math mode on input line 520.


G:/work/Journal2LaTeX/backend/temp/07caaddf-7874-4f26-9a87-138693dc2d74/rendere
d/main.tex:522: LaTeX Error: Unicode character Ỻ (U+1EFA)
               not set up for use with LaTeX.

See the LaTeX manual or LaTeX Companion for explanation.
Type  H <return>  for immediate help.
 ...                                              
                                                  
l.522 \(Ỻ
           \left\lbrack \sum_{n = 0}^{\infty}{}M_{n}(t) \right\rbrack = \fra...

You may provide a definition with
\DeclareUnicodeCharacter 


G:/work/Journal2LaTeX/backend/temp/07caaddf-7874-4f26-9a87-138693dc2d74/rendere
d/main.tex:522: LaTeX Error: Unicode character ȿ (U+023F)
               not set up for use with LaTeX.

See the LaTeX manual or LaTeX Companion for explanation.
Type  H <return>  for immediate help.
 ...                                              
                                                  
l.522 ...y}{}M_{n}(t) \right\rbrack = \frac{1}{ȿ}
                                                  \widetilde{M}(0,r) + \frac...

You may provide a definition with
\DeclareUnicodeCharacter 


G:/work/Journal2LaTeX/backend/temp/07caaddf-7874-4f26-9a87-138693dc2d74/rendere
d/main.tex:522: LaTeX Error: Unicode character ȿ (U+023F)
               not set up for use with LaTeX.

See the LaTeX manual or LaTeX Companion for explanation.
Type  H <return>  for immediate help.
 ...                                              
                                                  
l.522 ...etilde{M}(0,r) + \frac{1}{ȿ^{\vartheta}}
                                                  Ỻ\left\lbrack \psi_{2}\l...

You may provide a definition with
\DeclareUnicodeCharacter 


G:/work/Journal2LaTeX/backend/temp/07caaddf-7874-4f26-9a87-138693dc2d74/rendere
d/main.tex:522: LaTeX Error: Unicode character Ỻ (U+1EFA)
               not set up for use with LaTeX.

See the LaTeX manual or LaTeX Companion for explanation.
Type  H <return>  for immediate help.
 ...                                              
                                                  
l.522 ...lde{M}(0,r) + \frac{1}{ȿ^{\vartheta}}Ỻ
                                                  \left\lbrack \psi_{2}\left...

You may provide a definition with
\DeclareUnicodeCharacter 


G:/work/Journal2LaTeX/backend/temp/07caaddf-7874-4f26-9a87-138693dc2d74/rendere
d/main.tex:524: LaTeX Error: Unicode character Ỻ (U+1EFA)
               not set up for use with LaTeX.

See the LaTeX manual or LaTeX Companion for explanation.
Type  H <return>  for immediate help.
 ...                                              
                                                  
l.524 \(Ỻ
           \left\lbrack \sum_{n = 0}^{\infty}{}N_{n}(t) \right\rbrack = \fra...

You may provide a definition with
\DeclareUnicodeCharacter 


G:/work/Journal2LaTeX/backend/temp/07caaddf-7874-4f26-9a87-138693dc2d74/rendere
d/main.tex:524: LaTeX Error: Unicode character ȿ (U+023F)
               not set up for use with LaTeX.

See the LaTeX manual or LaTeX Companion for explanation.
Type  H <return>  for immediate help.
 ...                                              
                                                  
l.524 ...y}{}N_{n}(t) \right\rbrack = \frac{1}{ȿ}
                                                  \widetilde{N}(0,r) + \frac...

You may provide a definition with
\DeclareUnicodeCharacter 


G:/work/Journal2LaTeX/backend/temp/07caaddf-7874-4f26-9a87-138693dc2d74/rendere
d/main.tex:524: LaTeX Error: Unicode character ȿ (U+023F)
               not set up for use with LaTeX.

See the LaTeX manual or LaTeX Companion for explanation.
Type  H <return>  for immediate help.
 ...                                              
                                                  
l.524 ...etilde{N}(0,r) + \frac{1}{ȿ^{\vartheta}}
                                                  Ỻ\left\lbrack \psi_{3}\l...

You may provide a definition with
\DeclareUnicodeCharacter 


G:/work/Journal2LaTeX/backend/temp/07caaddf-7874-4f26-9a87-138693dc2d74/rendere
d/main.tex:524: LaTeX Error: Unicode character Ỻ (U+1EFA)
               not set up for use with LaTeX.

See the LaTeX manual or LaTeX Companion for explanation.
Type  H <return>  for immediate help.
 ...                                              
                                                  
l.524 ...lde{N}(0,r) + \frac{1}{ȿ^{\vartheta}}Ỻ
                                                  \left\lbrack \psi_{3}\left...

You may provide a definition with
\DeclareUnicodeCharacter 


G:/work/Journal2LaTeX/backend/temp/07caaddf-7874-4f26-9a87-138693dc2d74/rendere
d/main.tex:526: LaTeX Error: Unicode character Ỻ (U+1EFA)
               not set up for use with LaTeX.

See the LaTeX manual or LaTeX Companion for explanation.
Type  H <return>  for immediate help.
 ...                                              
                                                  
l.526 \(Ỻ
           \left\lbrack \sum_{n = 0}^{\infty}{}₳_{n}(t) \right\rbrack = \f...

You may provide a definition with
\DeclareUnicodeCharacter 


G:/work/Journal2LaTeX/backend/temp/07caaddf-7874-4f26-9a87-138693dc2d74/rendere
d/main.tex:526: LaTeX Error: Unicode character ₳ (U+20B3)
               not set up for use with LaTeX.

See the LaTeX manual or LaTeX Companion for explanation.
Type  H <return>  for immediate help.
 ...                                              
                                                  
l.526 \(Ỻ\left\lbrack \sum_{n = 0}^{\infty}{}₳
                                                  _{n}(t) \right\rbrack = \f...

You may provide a definition with
\DeclareUnicodeCharacter 


G:/work/Journal2LaTeX/backend/temp/07caaddf-7874-4f26-9a87-138693dc2d74/rendere
d/main.tex:526: LaTeX Error: Unicode character ȿ (U+023F)
               not set up for use with LaTeX.

See the LaTeX manual or LaTeX Companion for explanation.
Type  H <return>  for immediate help.
 ...                                              
                                                  
l.526 ...{}₳_{n}(t) \right\rbrack = \frac{1}{ȿ}
                                                  \widetilde{₳}(0,r) + \fr...

You may provide a definition with
\DeclareUnicodeCharacter 


G:/work/Journal2LaTeX/backend/temp/07caaddf-7874-4f26-9a87-138693dc2d74/rendere
d/main.tex:526: LaTeX Error: Unicode character ₳ (U+20B3)
               not set up for use with LaTeX.

See the LaTeX manual or LaTeX Companion for explanation.
Type  H <return>  for immediate help.
 ...                                              
                                                  
l.526 ...ight\rbrack = \frac{1}{ȿ}\widetilde{₳}
                                                  (0,r) + \frac{1}{ȿ^{\vart...

You may provide a definition with
\DeclareUnicodeCharacter 


G:/work/Journal2LaTeX/backend/temp/07caaddf-7874-4f26-9a87-138693dc2d74/rendere
d/main.tex:526: LaTeX Error: Unicode character ₳ (U+20B3)
               not set up for use with LaTeX.

See the LaTeX manual or LaTeX Companion for explanation.
Type  H <return>  for immediate help.
 ...                                              
                                                  
l.526 ...ight\rbrack = \frac{1}{ȿ}\widetilde{₳}
                                                  (0,r) + \frac{1}{ȿ^{\vart...

You may provide a definition with
\DeclareUnicodeCharacter 


G:/work/Journal2LaTeX/backend/temp/07caaddf-7874-4f26-9a87-138693dc2d74/rendere
d/main.tex:526: LaTeX Error: Unicode character ȿ (U+023F)
               not set up for use with LaTeX.

See the LaTeX manual or LaTeX Companion for explanation.
Type  H <return>  for immediate help.
 ...                                              
                                                  
l.526 ...ilde{₳}(0,r) + \frac{1}{ȿ^{\vartheta}}
                                                  Ỻ\left\lbrack \psi_{4}\l...

You may provide a definition with
\DeclareUnicodeCharacter 


G:/work/Journal2LaTeX/backend/temp/07caaddf-7874-4f26-9a87-138693dc2d74/rendere
d/main.tex:526: LaTeX Error: Unicode character Ỻ (U+1EFA)
               not set up for use with LaTeX.

See the LaTeX manual or LaTeX Companion for explanation.
Type  H <return>  for immediate help.
 ...                                              
                                                  
l.526 ...e{₳}(0,r) + \frac{1}{ȿ^{\vartheta}}Ỻ
                                                  \left\lbrack \psi_{4}\left...

You may provide a definition with
\DeclareUnicodeCharacter 


G:/work/Journal2LaTeX/backend/temp/07caaddf-7874-4f26-9a87-138693dc2d74/rendere
d/main.tex:526: LaTeX Error: Unicode character ₳ (U+20B3)
               not set up for use with LaTeX.

See the LaTeX manual or LaTeX Companion for explanation.
Type  H <return>  for immediate help.
 ...                                              
                                                  
l.526 ...si_{4}\left( t,\sum_{n = 0}^{\infty}{}₳
                                                  _{n}(t) \right) \right\rbr...

You may provide a definition with
\DeclareUnicodeCharacter 


G:/work/Journal2LaTeX/backend/temp/07caaddf-7874-4f26-9a87-138693dc2d74/rendere
d/main.tex:528: LaTeX Error: Unicode character Ỻ (U+1EFA)
               not set up for use with LaTeX.

See the LaTeX manual or LaTeX Companion for explanation.
Type  H <return>  for immediate help.
 ...                                              
                                                  
l.528 \(Ỻ
           \left\lbrack \sum_{n = 0}^{\infty}{}ƚ_{n}(t) \right\rbrack = \fr...

You may provide a definition with
\DeclareUnicodeCharacter 


G:/work/Journal2LaTeX/backend/temp/07caaddf-7874-4f26-9a87-138693dc2d74/rendere
d/main.tex:528: LaTeX Error: Unicode character ƚ (U+019A)
               not set up for use with LaTeX.

See the LaTeX manual or LaTeX Companion for explanation.
Type  H <return>  for immediate help.
 ...                                              
                                                  
l.528 \(Ỻ\left\lbrack \sum_{n = 0}^{\infty}{}ƚ
                                                 _{n}(t) \right\rbrack = \fr...

You may provide a definition with
\DeclareUnicodeCharacter 


G:/work/Journal2LaTeX/backend/temp/07caaddf-7874-4f26-9a87-138693dc2d74/rendere
d/main.tex:528: LaTeX Error: Unicode character ȿ (U+023F)
               not set up for use with LaTeX.

See the LaTeX manual or LaTeX Companion for explanation.
Type  H <return>  for immediate help.
 ...                                              
                                                  
l.528 ...}{}ƚ_{n}(t) \right\rbrack = \frac{1}{ȿ}
                                                  \widetilde{ƚ}(0,r) + \fra...

You may provide a definition with
\DeclareUnicodeCharacter 


G:/work/Journal2LaTeX/backend/temp/07caaddf-7874-4f26-9a87-138693dc2d74/rendere
d/main.tex:528: LaTeX Error: Unicode character ƚ (U+019A)
               not set up for use with LaTeX.

See the LaTeX manual or LaTeX Companion for explanation.
Type  H <return>  for immediate help.
 ...                                              
                                                  
l.528 ...right\rbrack = \frac{1}{ȿ}\widetilde{ƚ}
                                                  (0,r) + \frac{1}{ȿ^{\vart...

You may provide a definition with
\DeclareUnicodeCharacter 


G:/work/Journal2LaTeX/backend/temp/07caaddf-7874-4f26-9a87-138693dc2d74/rendere
d/main.tex:528: LaTeX Error: Unicode character ƚ (U+019A)
               not set up for use with LaTeX.

See the LaTeX manual or LaTeX Companion for explanation.
Type  H <return>  for immediate help.
 ...                                              
                                                  
l.528 ...right\rbrack = \frac{1}{ȿ}\widetilde{ƚ}
                                                  (0,r) + \frac{1}{ȿ^{\vart...

You may provide a definition with
\DeclareUnicodeCharacter 


G:/work/Journal2LaTeX/backend/temp/07caaddf-7874-4f26-9a87-138693dc2d74/rendere
d/main.tex:528: LaTeX Error: Unicode character ȿ (U+023F)
               not set up for use with LaTeX.

See the LaTeX manual or LaTeX Companion for explanation.
Type  H <return>  for immediate help.
 ...                                              
                                                  
l.528 ...tilde{ƚ}(0,r) + \frac{1}{ȿ^{\vartheta}}
                                                  Ỻ\left\lbrack \psi_{5}\l...

You may provide a definition with
\DeclareUnicodeCharacter 


G:/work/Journal2LaTeX/backend/temp/07caaddf-7874-4f26-9a87-138693dc2d74/rendere
d/main.tex:528: LaTeX Error: Unicode character Ỻ (U+1EFA)
               not set up for use with LaTeX.

See the LaTeX manual or LaTeX Companion for explanation.
Type  H <return>  for immediate help.
 ...                                              
                                                  
l.528 ...de{ƚ}(0,r) + \frac{1}{ȿ^{\vartheta}}Ỻ
                                                  \left\lbrack \psi_{5}\left...

You may provide a definition with
\DeclareUnicodeCharacter 


G:/work/Journal2LaTeX/backend/temp/07caaddf-7874-4f26-9a87-138693dc2d74/rendere
d/main.tex:528: LaTeX Error: Unicode character ƚ (U+019A)
               not set up for use with LaTeX.

See the LaTeX manual or LaTeX Companion for explanation.
Type  H <return>  for immediate help.
 ...                                              
                                                  
l.528 ...psi_{5}\left( t,\sum_{n = 0}^{\infty}{}ƚ
                                                  _{n}(t) \right) \right\rbr...

You may provide a definition with
\DeclareUnicodeCharacter 


G:/work/Journal2LaTeX/backend/temp/07caaddf-7874-4f26-9a87-138693dc2d74/rendere
d/main.tex:530: LaTeX Error: Unicode character Ỻ (U+1EFA)
               not set up for use with LaTeX.

See the LaTeX manual or LaTeX Companion for explanation.
Type  H <return>  for immediate help.
 ...                                              
                                                  
l.530 \(Ỻ
           \left\lbrack \sum_{n = 0}^{\infty}{}Ɍ_{n}(t) \right\rbrack = \fr...

You may provide a definition with
\DeclareUnicodeCharacter 


G:/work/Journal2LaTeX/backend/temp/07caaddf-7874-4f26-9a87-138693dc2d74/rendere
d/main.tex:530: LaTeX Error: Unicode character Ɍ (U+024C)
               not set up for use with LaTeX.

See the LaTeX manual or LaTeX Companion for explanation.
Type  H <return>  for immediate help.
 ...                                              
                                                  
l.530 \(Ỻ\left\lbrack \sum_{n = 0}^{\infty}{}Ɍ
                                                 _{n}(t) \right\rbrack = \fr...

You may provide a definition with
\DeclareUnicodeCharacter 


G:/work/Journal2LaTeX/backend/temp/07caaddf-7874-4f26-9a87-138693dc2d74/rendere
d/main.tex:530: LaTeX Error: Unicode character ȿ (U+023F)
               not set up for use with LaTeX.

See the LaTeX manual or LaTeX Companion for explanation.
Type  H <return>  for immediate help.
 ...                                              
                                                  
l.530 ...}{}Ɍ_{n}(t) \right\rbrack = \frac{1}{ȿ}
                                                  \widetilde{Ҏ}(0,r) + \fra...

You may provide a definition with
\DeclareUnicodeCharacter 


G:/work/Journal2LaTeX/backend/temp/07caaddf-7874-4f26-9a87-138693dc2d74/rendere
d/main.tex:530: LaTeX Error: Unicode character Ҏ (U+048E)
               not set up for use with LaTeX.

See the LaTeX manual or LaTeX Companion for explanation.
Type  H <return>  for immediate help.
 ...                                              
                                                  
l.530 ...right\rbrack = \frac{1}{ȿ}\widetilde{Ҏ}
                                                  (0,r) + \frac{1}{ȿ^{\vart...

You may provide a definition with
\DeclareUnicodeCharacter 


G:/work/Journal2LaTeX/backend/temp/07caaddf-7874-4f26-9a87-138693dc2d74/rendere
d/main.tex:530: LaTeX Error: Unicode character Ҏ (U+048E)
               not set up for use with LaTeX.

See the LaTeX manual or LaTeX Companion for explanation.
Type  H <return>  for immediate help.
 ...                                              
                                                  
l.530 ...right\rbrack = \frac{1}{ȿ}\widetilde{Ҏ}
                                                  (0,r) + \frac{1}{ȿ^{\vart...

You may provide a definition with
\DeclareUnicodeCharacter 


G:/work/Journal2LaTeX/backend/temp/07caaddf-7874-4f26-9a87-138693dc2d74/rendere
d/main.tex:530: LaTeX Error: Unicode character ȿ (U+023F)
               not set up for use with LaTeX.

See the LaTeX manual or LaTeX Companion for explanation.
Type  H <return>  for immediate help.
 ...                                              
                                                  
l.530 ...tilde{Ҏ}(0,r) + \frac{1}{ȿ^{\vartheta}}
                                                  Ỻ\left\lbrack \psi_{6}\l...

You may provide a definition with
\DeclareUnicodeCharacter 


G:/work/Journal2LaTeX/backend/temp/07caaddf-7874-4f26-9a87-138693dc2d74/rendere
d/main.tex:530: LaTeX Error: Unicode character Ỻ (U+1EFA)
               not set up for use with LaTeX.

See the LaTeX manual or LaTeX Companion for explanation.
Type  H <return>  for immediate help.
 ...                                              
                                                  
l.530 ...de{Ҏ}(0,r) + \frac{1}{ȿ^{\vartheta}}Ỻ
                                                  \left\lbrack \psi_{6}\left...

You may provide a definition with
\DeclareUnicodeCharacter 


G:/work/Journal2LaTeX/backend/temp/07caaddf-7874-4f26-9a87-138693dc2d74/rendere
d/main.tex:530: LaTeX Error: Unicode character Ɍ (U+024C)
               not set up for use with LaTeX.

See the LaTeX manual or LaTeX Companion for explanation.
Type  H <return>  for immediate help.
 ...                                              
                                                  
l.530 ...psi_{6}\left( t,\sum_{n = 0}^{\infty}{}Ɍ
                                                  _{n}(t) \right) \right\rbr...

You may provide a definition with
\DeclareUnicodeCharacter 


LaTeX Warning: Command \c invalid in math mode on input line 534.


LaTeX Warning: Command \c invalid in math mode on input line 534.


LaTeX Warning: Command \c invalid in math mode on input line 534.


G:/work/Journal2LaTeX/backend/temp/07caaddf-7874-4f26-9a87-138693dc2d74/rendere
d/main.tex:534: LaTeX Error: Unicode character Ỻ (U+1EFA)
               not set up for use with LaTeX.

See the LaTeX manual or LaTeX Companion for explanation.
Type  H <return>  for immediate help.
 ...                                              
                                                  
l.534 ...y}{}Ş_{n}(t) = \widetilde{Ş}(0,r) + Ỻ
                                                  ^{- 1}\left\lbrack \frac{1...

You may provide a definition with
\DeclareUnicodeCharacter 


G:/work/Journal2LaTeX/backend/temp/07caaddf-7874-4f26-9a87-138693dc2d74/rendere
d/main.tex:534: LaTeX Error: Unicode character ȿ (U+023F)
               not set up for use with LaTeX.

See the LaTeX manual or LaTeX Companion for explanation.
Type  H <return>  for immediate help.
 ...                                              
                                                  
l.534 ...- 1}\left\lbrack \frac{1}{ȿ^{\vartheta}}
                                                  Ỻ\left\lbrack \psi_{1}\l...

You may provide a definition with
\DeclareUnicodeCharacter 


G:/work/Journal2LaTeX/backend/temp/07caaddf-7874-4f26-9a87-138693dc2d74/rendere
d/main.tex:534: LaTeX Error: Unicode character Ỻ (U+1EFA)
               not set up for use with LaTeX.

See the LaTeX manual or LaTeX Companion for explanation.
Type  H <return>  for immediate help.
 ...                                              
                                                  
l.534 ...}\left\lbrack \frac{1}{ȿ^{\vartheta}}Ỻ
                                                  \left\lbrack \psi_{1}\left...

You may provide a definition with
\DeclareUnicodeCharacter 


LaTeX Warning: Command \c invalid in math mode on input line 534.


G:/work/Journal2LaTeX/backend/temp/07caaddf-7874-4f26-9a87-138693dc2d74/rendere
d/main.tex:536: LaTeX Error: Unicode character Ỻ (U+1EFA)
               not set up for use with LaTeX.

See the LaTeX manual or LaTeX Companion for explanation.
Type  H <return>  for immediate help.
 ...                                              
                                                  
l.536 ...fty}{}M_{n}(t) = \widetilde{M}(0,r) + Ỻ
                                                  ^{- 1}\left\lbrack \frac{1...

You may provide a definition with
\DeclareUnicodeCharacter 


G:/work/Journal2LaTeX/backend/temp/07caaddf-7874-4f26-9a87-138693dc2d74/rendere
d/main.tex:536: LaTeX Error: Unicode character ȿ (U+023F)
               not set up for use with LaTeX.

See the LaTeX manual or LaTeX Companion for explanation.
Type  H <return>  for immediate help.
 ...                                              
                                                  
l.536 ...- 1}\left\lbrack \frac{1}{ȿ^{\vartheta}}
                                                  Ỻ\left\lbrack \psi_{2}\l...

You may provide a definition with
\DeclareUnicodeCharacter 


G:/work/Journal2LaTeX/backend/temp/07caaddf-7874-4f26-9a87-138693dc2d74/rendere
d/main.tex:536: LaTeX Error: Unicode character Ỻ (U+1EFA)
               not set up for use with LaTeX.

See the LaTeX manual or LaTeX Companion for explanation.
Type  H <return>  for immediate help.
 ...                                              
                                                  
l.536 ...}\left\lbrack \frac{1}{ȿ^{\vartheta}}Ỻ
                                                  \left\lbrack \psi_{2}\left...

You may provide a definition with
\DeclareUnicodeCharacter 


G:/work/Journal2LaTeX/backend/temp/07caaddf-7874-4f26-9a87-138693dc2d74/rendere
d/main.tex:538: LaTeX Error: Unicode character Ỻ (U+1EFA)
               not set up for use with LaTeX.

See the LaTeX manual or LaTeX Companion for explanation.
Type  H <return>  for immediate help.
 ...                                              
                                                  
l.538 ...fty}{}N_{n}(t) = \widetilde{N}(0,r) + Ỻ
                                                  ^{- 1}\left\lbrack \frac{1...

You may provide a definition with
\DeclareUnicodeCharacter 


G:/work/Journal2LaTeX/backend/temp/07caaddf-7874-4f26-9a87-138693dc2d74/rendere
d/main.tex:538: LaTeX Error: Unicode character ȿ (U+023F)
               not set up for use with LaTeX.

See the LaTeX manual or LaTeX Companion for explanation.
Type  H <return>  for immediate help.
 ...                                              
                                                  
l.538 ...- 1}\left\lbrack \frac{1}{ȿ^{\vartheta}}
                                                  Ỻ\left\lbrack \psi_{3}\l...

You may provide a definition with
\DeclareUnicodeCharacter 


G:/work/Journal2LaTeX/backend/temp/07caaddf-7874-4f26-9a87-138693dc2d74/rendere
d/main.tex:538: LaTeX Error: Unicode character Ỻ (U+1EFA)
               not set up for use with LaTeX.

See the LaTeX manual or LaTeX Companion for explanation.
Type  H <return>  for immediate help.
 ...                                              
                                                  
l.538 ...}\left\lbrack \frac{1}{ȿ^{\vartheta}}Ỻ
                                                  \left\lbrack \psi_{3}\left...

You may provide a definition with
\DeclareUnicodeCharacter 


LaTeX Warning: Reference `LastPage' on page 7 undefined on input line 540.

Package epstopdf Info: Source file: <logo7pt.eps>
(epstopdf)                    date: 2026-07-28 18:34:46
(epstopdf)                    size: 335242 bytes
(epstopdf)             Output file: <logo7pt-eps-converted-to.pdf>
(epstopdf)                    date: 2026-07-28 18:35:05
(epstopdf)                    size: 34205 bytes
(epstopdf)             Command: <miktex-epstopdf --outfile=logo7pt-eps-converte
d-to.pdf logo7pt.eps>
(epstopdf)             \includegraphics on input line 540.
Package epstopdf Info: Output file is already uptodate.
File: logo7pt-eps-converted-to.pdf Graphic file (type pdf)
<use logo7pt-eps-converted-to.pdf>
Package pdftex.def Info: logo7pt-eps-converted-to.pdf  used on input line 540.
(pdftex.def)             Requested size: 71.26605pt x 20.07494pt.
[7]

G:/work/Journal2LaTeX/backend/temp/07caaddf-7874-4f26-9a87-138693dc2d74/rendere
d/main.tex:540: LaTeX Error: Unicode character ₳ (U+20B3)
               not set up for use with LaTeX.

See the LaTeX manual or LaTeX Companion for explanation.
Type  H <return>  for immediate help.
 ...                                              
                                                  
l.540 \(\sum_{n = 0}^{\infty}{}₳
                                  _{n}(t) = \widetilde{₳}(0,r) + Ỻ^{- 1}...

You may provide a definition with
\DeclareUnicodeCharacter 


G:/work/Journal2LaTeX/backend/temp/07caaddf-7874-4f26-9a87-138693dc2d74/rendere
d/main.tex:540: LaTeX Error: Unicode character ₳ (U+20B3)
               not set up for use with LaTeX.

See the LaTeX manual or LaTeX Companion for explanation.
Type  H <return>  for immediate help.
 ...                                              
                                                  
l.540 ...0}^{\infty}{}₳_{n}(t) = \widetilde{₳}
                                                  (0,r) + Ỻ^{- 1}\left\lbr...

You may provide a definition with
\DeclareUnicodeCharacter 


G:/work/Journal2LaTeX/backend/temp/07caaddf-7874-4f26-9a87-138693dc2d74/rendere
d/main.tex:540: LaTeX Error: Unicode character ₳ (U+20B3)
               not set up for use with LaTeX.

See the LaTeX manual or LaTeX Companion for explanation.
Type  H <return>  for immediate help.
 ...                                              
                                                  
l.540 ...0}^{\infty}{}₳_{n}(t) = \widetilde{₳}
                                                  (0,r) + Ỻ^{- 1}\left\lbr...

You may provide a definition with
\DeclareUnicodeCharacter 


G:/work/Journal2LaTeX/backend/temp/07caaddf-7874-4f26-9a87-138693dc2d74/rendere
d/main.tex:540: LaTeX Error: Unicode character Ỻ (U+1EFA)
               not set up for use with LaTeX.

See the LaTeX manual or LaTeX Companion for explanation.
Type  H <return>  for immediate help.
 ...                                              
                                                  
l.540 ...{}₳_{n}(t) = \widetilde{₳}(0,r) + Ỻ
                                                  ^{- 1}\left\lbrack \frac{1...

You may provide a definition with
\DeclareUnicodeCharacter 


G:/work/Journal2LaTeX/backend/temp/07caaddf-7874-4f26-9a87-138693dc2d74/rendere
d/main.tex:540: LaTeX Error: Unicode character ȿ (U+023F)
               not set up for use with LaTeX.

See the LaTeX manual or LaTeX Companion for explanation.
Type  H <return>  for immediate help.
 ...                                              
                                                  
l.540 ...- 1}\left\lbrack \frac{1}{ȿ^{\vartheta}}
                                                  Ỻ\left\lbrack \psi_{4}\l...

You may provide a definition with
\DeclareUnicodeCharacter 


G:/work/Journal2LaTeX/backend/temp/07caaddf-7874-4f26-9a87-138693dc2d74/rendere
d/main.tex:540: LaTeX Error: Unicode character Ỻ (U+1EFA)
               not set up for use with LaTeX.

See the LaTeX manual or LaTeX Companion for explanation.
Type  H <return>  for immediate help.
 ...                                              
                                                  
l.540 ...}\left\lbrack \frac{1}{ȿ^{\vartheta}}Ỻ
                                                  \left\lbrack \psi_{4}\left...

You may provide a definition with
\DeclareUnicodeCharacter 


G:/work/Journal2LaTeX/backend/temp/07caaddf-7874-4f26-9a87-138693dc2d74/rendere
d/main.tex:540: LaTeX Error: Unicode character ₳ (U+20B3)
               not set up for use with LaTeX.

See the LaTeX manual or LaTeX Companion for explanation.
Type  H <return>  for immediate help.
 ...                                              
                                                  
l.540 ...si_{4}\left( t,\sum_{n = 0}^{\infty}{}₳
                                                  _{n}(t) \right) \right\rbr...

You may provide a definition with
\DeclareUnicodeCharacter 


G:/work/Journal2LaTeX/backend/temp/07caaddf-7874-4f26-9a87-138693dc2d74/rendere
d/main.tex:542: LaTeX Error: Unicode character ƚ (U+019A)
               not set up for use with LaTeX.

See the LaTeX manual or LaTeX Companion for explanation.
Type  H <return>  for immediate help.
 ...                                              
                                                  
l.542 \(\sum_{n = 0}^{\infty}{}ƚ
                                 _{n}(t) = \widetilde{ƚ}(0,r) + Ỻ^{- 1}\l...

You may provide a definition with
\DeclareUnicodeCharacter 


G:/work/Journal2LaTeX/backend/temp/07caaddf-7874-4f26-9a87-138693dc2d74/rendere
d/main.tex:542: LaTeX Error: Unicode character ƚ (U+019A)
               not set up for use with LaTeX.

See the LaTeX manual or LaTeX Companion for explanation.
Type  H <return>  for immediate help.
 ...                                              
                                                  
l.542 ...= 0}^{\infty}{}ƚ_{n}(t) = \widetilde{ƚ}
                                                  (0,r) + Ỻ^{- 1}\left\lbr...

You may provide a definition with
\DeclareUnicodeCharacter 


G:/work/Journal2LaTeX/backend/temp/07caaddf-7874-4f26-9a87-138693dc2d74/rendere
d/main.tex:542: LaTeX Error: Unicode character ƚ (U+019A)
               not set up for use with LaTeX.

See the LaTeX manual or LaTeX Companion for explanation.
Type  H <return>  for immediate help.
 ...                                              
                                                  
l.542 ...= 0}^{\infty}{}ƚ_{n}(t) = \widetilde{ƚ}
                                                  (0,r) + Ỻ^{- 1}\left\lbr...

You may provide a definition with
\DeclareUnicodeCharacter 


G:/work/Journal2LaTeX/backend/temp/07caaddf-7874-4f26-9a87-138693dc2d74/rendere
d/main.tex:542: LaTeX Error: Unicode character Ỻ (U+1EFA)
               not set up for use with LaTeX.

See the LaTeX manual or LaTeX Companion for explanation.
Type  H <return>  for immediate help.
 ...                                              
                                                  
l.542 ...y}{}ƚ_{n}(t) = \widetilde{ƚ}(0,r) + Ỻ
                                                  ^{- 1}\left\lbrack \frac{1...

You may provide a definition with
\DeclareUnicodeCharacter 


G:/work/Journal2LaTeX/backend/temp/07caaddf-7874-4f26-9a87-138693dc2d74/rendere
d/main.tex:542: LaTeX Error: Unicode character ȿ (U+023F)
               not set up for use with LaTeX.

See the LaTeX manual or LaTeX Companion for explanation.
Type  H <return>  for immediate help.
 ...                                              
                                                  
l.542 ...- 1}\left\lbrack \frac{1}{ȿ^{\vartheta}}
                                                  Ỻ\left\lbrack \psi_{5}\l...

You may provide a definition with
\DeclareUnicodeCharacter 


G:/work/Journal2LaTeX/backend/temp/07caaddf-7874-4f26-9a87-138693dc2d74/rendere
d/main.tex:542: LaTeX Error: Unicode character Ỻ (U+1EFA)
               not set up for use with LaTeX.

See the LaTeX manual or LaTeX Companion for explanation.
Type  H <return>  for immediate help.
 ...                                              
                                                  
l.542 ...}\left\lbrack \frac{1}{ȿ^{\vartheta}}Ỻ
                                                  \left\lbrack \psi_{5}\left...

You may provide a definition with
\DeclareUnicodeCharacter 


G:/work/Journal2LaTeX/backend/temp/07caaddf-7874-4f26-9a87-138693dc2d74/rendere
d/main.tex:542: LaTeX Error: Unicode character ƚ (U+019A)
               not set up for use with LaTeX.

See the LaTeX manual or LaTeX Companion for explanation.
Type  H <return>  for immediate help.
 ...                                              
                                                  
l.542 ...psi_{5}\left( t,\sum_{n = 0}^{\infty}{}ƚ
                                                  _{n}(t) \right) \right\rbr...

You may provide a definition with
\DeclareUnicodeCharacter 


G:/work/Journal2LaTeX/backend/temp/07caaddf-7874-4f26-9a87-138693dc2d74/rendere
d/main.tex:544: LaTeX Error: Unicode character Ɍ (U+024C)
               not set up for use with LaTeX.

See the LaTeX manual or LaTeX Companion for explanation.
Type  H <return>  for immediate help.
 ...                                              
                                                  
l.544 \(\sum_{n = 0}^{\infty}{}Ɍ
                                 _{n}(t) = \widetilde{Ɍ}(0,r) + Ỻ^{- 1}\l...

You may provide a definition with
\DeclareUnicodeCharacter 


G:/work/Journal2LaTeX/backend/temp/07caaddf-7874-4f26-9a87-138693dc2d74/rendere
d/main.tex:544: LaTeX Error: Unicode character Ɍ (U+024C)
               not set up for use with LaTeX.

See the LaTeX manual or LaTeX Companion for explanation.
Type  H <return>  for immediate help.
 ...                                              
                                                  
l.544 ...= 0}^{\infty}{}Ɍ_{n}(t) = \widetilde{Ɍ}
                                                  (0,r) + Ỻ^{- 1}\left\lbr...

You may provide a definition with
\DeclareUnicodeCharacter 


G:/work/Journal2LaTeX/backend/temp/07caaddf-7874-4f26-9a87-138693dc2d74/rendere
d/main.tex:544: LaTeX Error: Unicode character Ɍ (U+024C)
               not set up for use with LaTeX.

See the LaTeX manual or LaTeX Companion for explanation.
Type  H <return>  for immediate help.
 ...                                              
                                                  
l.544 ...= 0}^{\infty}{}Ɍ_{n}(t) = \widetilde{Ɍ}
                                                  (0,r) + Ỻ^{- 1}\left\lbr...

You may provide a definition with
\DeclareUnicodeCharacter 


G:/work/Journal2LaTeX/backend/temp/07caaddf-7874-4f26-9a87-138693dc2d74/rendere
d/main.tex:544: LaTeX Error: Unicode character Ỻ (U+1EFA)
               not set up for use with LaTeX.

See the LaTeX manual or LaTeX Companion for explanation.
Type  H <return>  for immediate help.
 ...                                              
                                                  
l.544 ...y}{}Ɍ_{n}(t) = \widetilde{Ɍ}(0,r) + Ỻ
                                                  ^{- 1}\left\lbrack \frac{1...

You may provide a definition with
\DeclareUnicodeCharacter 


G:/work/Journal2LaTeX/backend/temp/07caaddf-7874-4f26-9a87-138693dc2d74/rendere
d/main.tex:544: LaTeX Error: Unicode character ȿ (U+023F)
               not set up for use with LaTeX.

See the LaTeX manual or LaTeX Companion for explanation.
Type  H <return>  for immediate help.
 ...                                              
                                                  
l.544 ...- 1}\left\lbrack \frac{1}{ȿ^{\vartheta}}
                                                  Ỻ\left\lbrack \psi_{6}\l...

You may provide a definition with
\DeclareUnicodeCharacter 


G:/work/Journal2LaTeX/backend/temp/07caaddf-7874-4f26-9a87-138693dc2d74/rendere
d/main.tex:544: LaTeX Error: Unicode character Ỻ (U+1EFA)
               not set up for use with LaTeX.

See the LaTeX manual or LaTeX Companion for explanation.
Type  H <return>  for immediate help.
 ...                                              
                                                  
l.544 ...}\left\lbrack \frac{1}{ȿ^{\vartheta}}Ỻ
                                                  \left\lbrack \psi_{6}\left...

You may provide a definition with
\DeclareUnicodeCharacter 


G:/work/Journal2LaTeX/backend/temp/07caaddf-7874-4f26-9a87-138693dc2d74/rendere
d/main.tex:544: LaTeX Error: Unicode character Ɍ (U+024C)
               not set up for use with LaTeX.

See the LaTeX manual or LaTeX Companion for explanation.
Type  H <return>  for immediate help.
 ...                                              
                                                  
l.544 ...psi_{6}\left( t,\sum_{n = 0}^{\infty}{}Ɍ
                                                  _{n}(t) \right) \right\rbr...

You may provide a definition with
\DeclareUnicodeCharacter 


LaTeX Warning: Command \c invalid in math mode on input line 548.


LaTeX Warning: Command \c invalid in math mode on input line 548.


LaTeX Warning: Command \c invalid in math mode on input line 548.


LaTeX Warning: Command \c invalid in math mode on input line 548.


G:/work/Journal2LaTeX/backend/temp/07caaddf-7874-4f26-9a87-138693dc2d74/rendere
d/main.tex:554: LaTeX Error: Unicode character ₳ (U+20B3)
               not set up for use with LaTeX.

See the LaTeX manual or LaTeX Companion for explanation.
Type  H <return>  for immediate help.
 ...                                              
                                                  
l.554 \({\underline{₳}
                        }_{0}(t) = \underline{₳}(0,r),{\underline{₳}}_{0...

You may provide a definition with
\DeclareUnicodeCharacter 


G:/work/Journal2LaTeX/backend/temp/07caaddf-7874-4f26-9a87-138693dc2d74/rendere
d/main.tex:554: LaTeX Error: Unicode character ₳ (U+20B3)
               not set up for use with LaTeX.

See the LaTeX manual or LaTeX Companion for explanation.
Type  H <return>  for immediate help.
 ...                                              
                                                  
l.554 \({\underline{₳}}_{0}(t) = \underline{₳}
                                                  (0,r),{\underline{₳}}_{0...

You may provide a definition with
\DeclareUnicodeCharacter 


G:/work/Journal2LaTeX/backend/temp/07caaddf-7874-4f26-9a87-138693dc2d74/rendere
d/main.tex:554: LaTeX Error: Unicode character ₳ (U+20B3)
               not set up for use with LaTeX.

See the LaTeX manual or LaTeX Companion for explanation.
Type  H <return>  for immediate help.
 ...                                              
                                                  
l.554 ...) = \underline{₳}(0,r),{\underline{₳}
                                                  }_{0}(t) = \underline{₳}...

You may provide a definition with
\DeclareUnicodeCharacter 


G:/work/Journal2LaTeX/backend/temp/07caaddf-7874-4f26-9a87-138693dc2d74/rendere
d/main.tex:554: LaTeX Error: Unicode character ₳ (U+20B3)
               not set up for use with LaTeX.

See the LaTeX manual or LaTeX Companion for explanation.
Type  H <return>  for immediate help.
 ...                                              
                                                  
l.554 ...\underline{₳}}_{0}(t) = \underline{₳}
                                                  (0,r),\)
You may provide a definition with
\DeclareUnicodeCharacter 


G:/work/Journal2LaTeX/backend/temp/07caaddf-7874-4f26-9a87-138693dc2d74/rendere
d/main.tex:556: LaTeX Error: Unicode character ƚ (U+019A)
               not set up for use with LaTeX.

See the LaTeX manual or LaTeX Companion for explanation.
Type  H <return>  for immediate help.
 ...                                              
                                                  
l.556 \({\underline{ƚ}
                       }_{0}(t) = \underline{ƚ}(0,r),{\underline{ƚ}}_{0}(t...

You may provide a definition with
\DeclareUnicodeCharacter 


G:/work/Journal2LaTeX/backend/temp/07caaddf-7874-4f26-9a87-138693dc2d74/rendere
d/main.tex:556: LaTeX Error: Unicode character ƚ (U+019A)
               not set up for use with LaTeX.

See the LaTeX manual or LaTeX Companion for explanation.
Type  H <return>  for immediate help.
 ...                                              
                                                  
l.556 \({\underline{ƚ}}_{0}(t) = \underline{ƚ}
                                                (0,r),{\underline{ƚ}}_{0}(t...

You may provide a definition with
\DeclareUnicodeCharacter 


G:/work/Journal2LaTeX/backend/temp/07caaddf-7874-4f26-9a87-138693dc2d74/rendere
d/main.tex:556: LaTeX Error: Unicode character ƚ (U+019A)
               not set up for use with LaTeX.

See the LaTeX manual or LaTeX Companion for explanation.
Type  H <return>  for immediate help.
 ...                                              
                                                  
l.556 ...(t) = \underline{ƚ}(0,r),{\underline{ƚ}
                                                  }_{0}(t) = \underline{ƚ}(...

You may provide a definition with
\DeclareUnicodeCharacter 


G:/work/Journal2LaTeX/backend/temp/07caaddf-7874-4f26-9a87-138693dc2d74/rendere
d/main.tex:556: LaTeX Error: Unicode character ƚ (U+019A)
               not set up for use with LaTeX.

See the LaTeX manual or LaTeX Companion for explanation.
Type  H <return>  for immediate help.
 ...                                              
                                                  
l.556 ...,{\underline{ƚ}}_{0}(t) = \underline{ƚ}
                                                  (0,r),\)
You may provide a definition with
\DeclareUnicodeCharacter 


G:/work/Journal2LaTeX/backend/temp/07caaddf-7874-4f26-9a87-138693dc2d74/rendere
d/main.tex:558: LaTeX Error: Unicode character Ɍ (U+024C)
               not set up for use with LaTeX.

See the LaTeX manual or LaTeX Companion for explanation.
Type  H <return>  for immediate help.
 ...                                              
                                                  
l.558 \({\underline{Ɍ}
                       }_{0}(t) = \underline{Ɍ}(0,r),{\underline{Ɍ}}_{0}(t...

You may provide a definition with
\DeclareUnicodeCharacter 


G:/work/Journal2LaTeX/backend/temp/07caaddf-7874-4f26-9a87-138693dc2d74/rendere
d/main.tex:558: LaTeX Error: Unicode character Ɍ (U+024C)
               not set up for use with LaTeX.

See the LaTeX manual or LaTeX Companion for explanation.
Type  H <return>  for immediate help.
 ...                                              
                                                  
l.558 \({\underline{Ɍ}}_{0}(t) = \underline{Ɍ}
                                                (0,r),{\underline{Ɍ}}_{0}(t...

You may provide a definition with
\DeclareUnicodeCharacter 


G:/work/Journal2LaTeX/backend/temp/07caaddf-7874-4f26-9a87-138693dc2d74/rendere
d/main.tex:558: LaTeX Error: Unicode character Ɍ (U+024C)
               not set up for use with LaTeX.

See the LaTeX manual or LaTeX Companion for explanation.
Type  H <return>  for immediate help.
 ...                                              
                                                  
l.558 ...(t) = \underline{Ɍ}(0,r),{\underline{Ɍ}
                                                  }_{0}(t) = \underline{Ɍ}(...

You may provide a definition with
\DeclareUnicodeCharacter 


G:/work/Journal2LaTeX/backend/temp/07caaddf-7874-4f26-9a87-138693dc2d74/rendere
d/main.tex:558: LaTeX Error: Unicode character Ɍ (U+024C)
               not set up for use with LaTeX.

See the LaTeX manual or LaTeX Companion for explanation.
Type  H <return>  for immediate help.
 ...                                              
                                                  
l.558 ...,{\underline{Ɍ}}_{0}(t) = \underline{Ɍ}
                                                  (0,r),\)
You may provide a definition with
\DeclareUnicodeCharacter 


LaTeX Warning: Command \c invalid in math mode on input line 562.


G:/work/Journal2LaTeX/backend/temp/07caaddf-7874-4f26-9a87-138693dc2d74/rendere
d/main.tex:562: LaTeX Error: Unicode character Ỻ (U+1EFA)
               not set up for use with LaTeX.

See the LaTeX manual or LaTeX Companion for explanation.
Type  H <return>  for immediate help.
 ...                                              
                                                  
l.562 \({\underline{Ş}}_{1}(t) = Ỻ
                                     ^{- 1}\left\lbrack \frac{1}{ȿ^{\varthe...

You may provide a definition with
\DeclareUnicodeCharacter 


G:/work/Journal2LaTeX/backend/temp/07caaddf-7874-4f26-9a87-138693dc2d74/rendere
d/main.tex:562: LaTeX Error: Unicode character ȿ (U+023F)
               not set up for use with LaTeX.

See the LaTeX manual or LaTeX Companion for explanation.
Type  H <return>  for immediate help.
 ...                                              
                                                  
l.562 ...- 1}\left\lbrack \frac{1}{ȿ^{\vartheta}}
                                                  Ỻ\left\lbrack \widetilde...

You may provide a definition with
\DeclareUnicodeCharacter 


G:/work/Journal2LaTeX/backend/temp/07caaddf-7874-4f26-9a87-138693dc2d74/rendere
d/main.tex:562: LaTeX Error: Unicode character Ỻ (U+1EFA)
               not set up for use with LaTeX.

See the LaTeX manual or LaTeX Companion for explanation.
Type  H <return>  for immediate help.
 ...                                              
                                                  
l.562 ...}\left\lbrack \frac{1}{ȿ^{\vartheta}}Ỻ
                                                  \left\lbrack \widetilde{\L...

You may provide a definition with
\DeclareUnicodeCharacter 


LaTeX Warning: Command \c invalid in math mode on input line 562.


LaTeX Warning: Command \c invalid in math mode on input line 562.


G:/work/Journal2LaTeX/backend/temp/07caaddf-7874-4f26-9a87-138693dc2d74/rendere
d/main.tex:562: LaTeX Error: Unicode character Ө (U+04E8)
               not set up for use with LaTeX.

See the LaTeX manual or LaTeX Companion for explanation.
Type  H <return>  for immediate help.
 ...                                              
                                                  
l.562 ...underline{N}}_{0} - \left( \widetilde{Ө}
                                                   + \widetilde{\mu} \right)...

You may provide a definition with
\DeclareUnicodeCharacter 


G:/work/Journal2LaTeX/backend/temp/07caaddf-7874-4f26-9a87-138693dc2d74/rendere
d/main.tex:562: LaTeX Error: Unicode character Ө (U+04E8)
               not set up for use with LaTeX.

See the LaTeX manual or LaTeX Companion for explanation.
Type  H <return>  for immediate help.
 ...                                              
                                                  
l.562 ...underline{N}}_{0} - \left( \widetilde{Ө}
                                                   + \widetilde{\mu} \right)...

You may provide a definition with
\DeclareUnicodeCharacter 


LaTeX Warning: Command \c invalid in math mode on input line 562.


LaTeX Warning: Command \c invalid in math mode on input line 564.


G:/work/Journal2LaTeX/backend/temp/07caaddf-7874-4f26-9a87-138693dc2d74/rendere
d/main.tex:564: LaTeX Error: Unicode character Ỻ (U+1EFA)
               not set up for use with LaTeX.

See the LaTeX manual or LaTeX Companion for explanation.
Type  H <return>  for immediate help.
 ...                                              
                                                  
l.564 \({\underline{Ş}}_{1}(t) = Ỻ
                                     ^{- 1}\left\lbrack \frac{1}{ȿ^{\varthe...

You may provide a definition with
\DeclareUnicodeCharacter 


G:/work/Journal2LaTeX/backend/temp/07caaddf-7874-4f26-9a87-138693dc2d74/rendere
d/main.tex:564: LaTeX Error: Unicode character ȿ (U+023F)
               not set up for use with LaTeX.

See the LaTeX manual or LaTeX Companion for explanation.
Type  H <return>  for immediate help.
 ...                                              
                                                  
l.564 ...- 1}\left\lbrack \frac{1}{ȿ^{\vartheta}}
                                                  Ỻ\left\lbrack \widetilde...

You may provide a definition with
\DeclareUnicodeCharacter 


G:/work/Journal2LaTeX/backend/temp/07caaddf-7874-4f26-9a87-138693dc2d74/rendere
d/main.tex:564: LaTeX Error: Unicode character Ỻ (U+1EFA)
               not set up for use with LaTeX.

See the LaTeX manual or LaTeX Companion for explanation.
Type  H <return>  for immediate help.
 ...                                              
                                                  
l.564 ...}\left\lbrack \frac{1}{ȿ^{\vartheta}}Ỻ
                                                  \left\lbrack \widetilde{\L...

You may provide a definition with
\DeclareUnicodeCharacter 


LaTeX Warning: Command \c invalid in math mode on input line 564.


LaTeX Warning: Command \c invalid in math mode on input line 564.


G:/work/Journal2LaTeX/backend/temp/07caaddf-7874-4f26-9a87-138693dc2d74/rendere
d/main.tex:564: LaTeX Error: Unicode character Ө (U+04E8)
               not set up for use with LaTeX.

See the LaTeX manual or LaTeX Companion for explanation.
Type  H <return>  for immediate help.
 ...                                              
                                                  
l.564 ...underline{N}}_{0} - \left( \widetilde{Ө}
                                                   + \widetilde{\mu} \right)...

You may provide a definition with
\DeclareUnicodeCharacter 


G:/work/Journal2LaTeX/backend/temp/07caaddf-7874-4f26-9a87-138693dc2d74/rendere
d/main.tex:564: LaTeX Error: Unicode character Ө (U+04E8)
               not set up for use with LaTeX.

See the LaTeX manual or LaTeX Companion for explanation.
Type  H <return>  for immediate help.
 ...                                              
                                                  
l.564 ...underline{N}}_{0} - \left( \widetilde{Ө}
                                                   + \widetilde{\mu} \right)...

You may provide a definition with
\DeclareUnicodeCharacter 


LaTeX Warning: Command \c invalid in math mode on input line 564.


LaTeX Warning: Command \c invalid in math mode on input line 568.


LaTeX Warning: Command \c invalid in math mode on input line 568.


LaTeX Warning: Command \c invalid in math mode on input line 568.


LaTeX Warning: Command \c invalid in math mode on input line 568.


LaTeX Warning: Command \c invalid in math mode on input line 568.


LaTeX Warning: Command \c invalid in math mode on input line 568.


LaTeX Warning: Command \c invalid in math mode on input line 568.


LaTeX Warning: Command \c invalid in math mode on input line 568.


G:/work/Journal2LaTeX/backend/temp/07caaddf-7874-4f26-9a87-138693dc2d74/rendere
d/main.tex:574: LaTeX Error: Unicode character ₳ (U+20B3)
               not set up for use with LaTeX.

See the LaTeX manual or LaTeX Companion for explanation.
Type  H <return>  for immediate help.
 ...                                              
                                                  
l.574 \(\underline{₳}
                        = {\underline{₳}}_{0}(t) + {\underline{₳}}_{1}(t...

You may provide a definition with
\DeclareUnicodeCharacter 


G:/work/Journal2LaTeX/backend/temp/07caaddf-7874-4f26-9a87-138693dc2d74/rendere
d/main.tex:574: LaTeX Error: Unicode character ₳ (U+20B3)
               not set up for use with LaTeX.

See the LaTeX manual or LaTeX Companion for explanation.
Type  H <return>  for immediate help.
 ...                                              
                                                  
l.574 \(\underline{₳} = {\underline{₳}
                                          }_{0}(t) + {\underline{₳}}_{1}(t...

You may provide a definition with
\DeclareUnicodeCharacter 


G:/work/Journal2LaTeX/backend/temp/07caaddf-7874-4f26-9a87-138693dc2d74/rendere
d/main.tex:574: LaTeX Error: Unicode character ₳ (U+20B3)
               not set up for use with LaTeX.

See the LaTeX manual or LaTeX Companion for explanation.
Type  H <return>  for immediate help.
 ...                                              
                                                  
l.574 ...underline{₳}}_{0}(t) + {\underline{₳}
                                                  }_{1}(t) + {\underline{₳...

You may provide a definition with
\DeclareUnicodeCharacter 


G:/work/Journal2LaTeX/backend/temp/07caaddf-7874-4f26-9a87-138693dc2d74/rendere
d/main.tex:574: LaTeX Error: Unicode character ₳ (U+20B3)
               not set up for use with LaTeX.

See the LaTeX manual or LaTeX Companion for explanation.
Type  H <return>  for immediate help.
 ...                                              
                                                  
l.574 ...underline{₳}}_{1}(t) + {\underline{₳}
                                                  }_{2}(t) + \ .\ \ .\ \ .\ ...

You may provide a definition with
\DeclareUnicodeCharacter 


G:/work/Journal2LaTeX/backend/temp/07caaddf-7874-4f26-9a87-138693dc2d74/rendere
d/main.tex:574: LaTeX Error: Unicode character ₳ (U+20B3)
               not set up for use with LaTeX.

See the LaTeX manual or LaTeX Companion for explanation.
Type  H <return>  for immediate help.
 ...                                              
                                                  
l.574 ...(t) + \ .\ \ .\ \ .\ \ ,\ \underline{₳}
                                                   = {\underline{₳}}_{0}(t...

You may provide a definition with
\DeclareUnicodeCharacter 


G:/work/Journal2LaTeX/backend/temp/07caaddf-7874-4f26-9a87-138693dc2d74/rendere
d/main.tex:574: LaTeX Error: Unicode character ₳ (U+20B3)
               not set up for use with LaTeX.

See the LaTeX manual or LaTeX Companion for explanation.
Type  H <return>  for immediate help.
 ...                                              
                                                  
l.574 ...\ \ ,\ \underline{₳} = {\underline{₳}
                                                  }_{0}(t) + {\underline{₳...

You may provide a definition with
\DeclareUnicodeCharacter 


G:/work/Journal2LaTeX/backend/temp/07caaddf-7874-4f26-9a87-138693dc2d74/rendere
d/main.tex:574: LaTeX Error: Unicode character ₳ (U+20B3)
               not set up for use with LaTeX.

See the LaTeX manual or LaTeX Companion for explanation.
Type  H <return>  for immediate help.
 ...                                              
                                                  
l.574 ...underline{₳}}_{0}(t) + {\underline{₳}
                                                  }_{1}(t) + {\underline{₳...

You may provide a definition with
\DeclareUnicodeCharacter 


G:/work/Journal2LaTeX/backend/temp/07caaddf-7874-4f26-9a87-138693dc2d74/rendere
d/main.tex:574: LaTeX Error: Unicode character ₳ (U+20B3)
               not set up for use with LaTeX.

See the LaTeX manual or LaTeX Companion for explanation.
Type  H <return>  for immediate help.
 ...                                              
                                                  
l.574 ...underline{₳}}_{1}(t) + {\underline{₳}
                                                  }_{2}(t) + \ .\ \ .\ \ .\ ...

You may provide a definition with
\DeclareUnicodeCharacter 


G:/work/Journal2LaTeX/backend/temp/07caaddf-7874-4f26-9a87-138693dc2d74/rendere
d/main.tex:576: LaTeX Error: Unicode character ƚ (U+019A)
               not set up for use with LaTeX.

See the LaTeX manual or LaTeX Companion for explanation.
Type  H <return>  for immediate help.
 ...                                              
                                                  
l.576 \(\underline{ƚ}
                       = {\underline{ƚ}}_{0}(t) + {\underline{ƚ}}_{1}(t) +...

You may provide a definition with
\DeclareUnicodeCharacter 


G:/work/Journal2LaTeX/backend/temp/07caaddf-7874-4f26-9a87-138693dc2d74/rendere
d/main.tex:576: LaTeX Error: Unicode character ƚ (U+019A)
               not set up for use with LaTeX.

See the LaTeX manual or LaTeX Companion for explanation.
Type  H <return>  for immediate help.
 ...                                              
                                                  
l.576 \(\underline{ƚ} = {\underline{ƚ}
                                        }_{0}(t) + {\underline{ƚ}}_{1}(t) +...

You may provide a definition with
\DeclareUnicodeCharacter 


G:/work/Journal2LaTeX/backend/temp/07caaddf-7874-4f26-9a87-138693dc2d74/rendere
d/main.tex:576: LaTeX Error: Unicode character ƚ (U+019A)
               not set up for use with LaTeX.

See the LaTeX manual or LaTeX Companion for explanation.
Type  H <return>  for immediate help.
 ...                                              
                                                  
l.576 ...{\underline{ƚ}}_{0}(t) + {\underline{ƚ}
                                                  }_{1}(t) + {\underline{ƚ}...

You may provide a definition with
\DeclareUnicodeCharacter 


G:/work/Journal2LaTeX/backend/temp/07caaddf-7874-4f26-9a87-138693dc2d74/rendere
d/main.tex:576: LaTeX Error: Unicode character ƚ (U+019A)
               not set up for use with LaTeX.

See the LaTeX manual or LaTeX Companion for explanation.
Type  H <return>  for immediate help.
 ...                                              
                                                  
l.576 ...{\underline{ƚ}}_{1}(t) + {\underline{ƚ}
                                                  }_{2}(t) + \ .\ \ .\ \ .\ ...

You may provide a definition with
\DeclareUnicodeCharacter 


G:/work/Journal2LaTeX/backend/temp/07caaddf-7874-4f26-9a87-138693dc2d74/rendere
d/main.tex:576: LaTeX Error: Unicode character ƚ (U+019A)
               not set up for use with LaTeX.

See the LaTeX manual or LaTeX Companion for explanation.
Type  H <return>  for immediate help.
 ...                                              
                                                  
l.576 ...}(t) + \ .\ \ .\ \ .\ \ ,\ \underline{ƚ}
                                                   = {\underline{ƚ}}_{0}(t)...

You may provide a definition with
\DeclareUnicodeCharacter 


G:/work/Journal2LaTeX/backend/temp/07caaddf-7874-4f26-9a87-138693dc2d74/rendere
d/main.tex:576: LaTeX Error: Unicode character ƚ (U+019A)
               not set up for use with LaTeX.

See the LaTeX manual or LaTeX Companion for explanation.
Type  H <return>  for immediate help.
 ...                                              
                                                  
l.576 ... .\ \ ,\ \underline{ƚ} = {\underline{ƚ}
                                                  }_{0}(t) + {\underline{ƚ}...

You may provide a definition with
\DeclareUnicodeCharacter 


G:/work/Journal2LaTeX/backend/temp/07caaddf-7874-4f26-9a87-138693dc2d74/rendere
d/main.tex:576: LaTeX Error: Unicode character ƚ (U+019A)
               not set up for use with LaTeX.

See the LaTeX manual or LaTeX Companion for explanation.
Type  H <return>  for immediate help.
 ...                                              
                                                  
l.576 ...{\underline{ƚ}}_{0}(t) + {\underline{ƚ}
                                                  }_{1}(t) + {\underline{ƚ}...

You may provide a definition with
\DeclareUnicodeCharacter 


G:/work/Journal2LaTeX/backend/temp/07caaddf-7874-4f26-9a87-138693dc2d74/rendere
d/main.tex:576: LaTeX Error: Unicode character ƚ (U+019A)
               not set up for use with LaTeX.

See the LaTeX manual or LaTeX Companion for explanation.
Type  H <return>  for immediate help.
 ...                                              
                                                  
l.576 ...{\underline{ƚ}}_{1}(t) + {\underline{ƚ}
                                                  }_{2}(t) + \ .\ \ .\ \ .\ ...

You may provide a definition with
\DeclareUnicodeCharacter 


G:/work/Journal2LaTeX/backend/temp/07caaddf-7874-4f26-9a87-138693dc2d74/rendere
d/main.tex:578: LaTeX Error: Unicode character Ɍ (U+024C)
               not set up for use with LaTeX.

See the LaTeX manual or LaTeX Companion for explanation.
Type  H <return>  for immediate help.
 ...                                              
                                                  
l.578 \(\underline{Ɍ}
                       = {\underline{Ɍ}}_{0}(t) + {\underline{Ɍ}}_{1}(t) +...

You may provide a definition with
\DeclareUnicodeCharacter 


G:/work/Journal2LaTeX/backend/temp/07caaddf-7874-4f26-9a87-138693dc2d74/rendere
d/main.tex:578: LaTeX Error: Unicode character Ɍ (U+024C)
               not set up for use with LaTeX.

See the LaTeX manual or LaTeX Companion for explanation.
Type  H <return>  for immediate help.
 ...                                              
                                                  
l.578 \(\underline{Ɍ} = {\underline{Ɍ}
                                        }_{0}(t) + {\underline{Ɍ}}_{1}(t) +...

You may provide a definition with
\DeclareUnicodeCharacter 


G:/work/Journal2LaTeX/backend/temp/07caaddf-7874-4f26-9a87-138693dc2d74/rendere
d/main.tex:578: LaTeX Error: Unicode character Ɍ (U+024C)
               not set up for use with LaTeX.

See the LaTeX manual or LaTeX Companion for explanation.
Type  H <return>  for immediate help.
 ...                                              
                                                  
l.578 ...{\underline{Ɍ}}_{0}(t) + {\underline{Ɍ}
                                                  }_{1}(t) + {\underline{Ɍ}...

You may provide a definition with
\DeclareUnicodeCharacter 


G:/work/Journal2LaTeX/backend/temp/07caaddf-7874-4f26-9a87-138693dc2d74/rendere
d/main.tex:578: LaTeX Error: Unicode character Ɍ (U+024C)
               not set up for use with LaTeX.

See the LaTeX manual or LaTeX Companion for explanation.
Type  H <return>  for immediate help.
 ...                                              
                                                  
l.578 ...{\underline{Ɍ}}_{1}(t) + {\underline{Ɍ}
                                                  }_{2}(t) + \ .\ \ .\ \ .\ ...

You may provide a definition with
\DeclareUnicodeCharacter 


G:/work/Journal2LaTeX/backend/temp/07caaddf-7874-4f26-9a87-138693dc2d74/rendere
d/main.tex:578: LaTeX Error: Unicode character Ɍ (U+024C)
               not set up for use with LaTeX.

See the LaTeX manual or LaTeX Companion for explanation.
Type  H <return>  for immediate help.
 ...                                              
                                                  
l.578 ...}(t) + \ .\ \ .\ \ .\ \ ,\ \underline{Ɍ}
                                                   = {\underline{Ɍ}}_{0}(t)...

You may provide a definition with
\DeclareUnicodeCharacter 


G:/work/Journal2LaTeX/backend/temp/07caaddf-7874-4f26-9a87-138693dc2d74/rendere
d/main.tex:578: LaTeX Error: Unicode character Ɍ (U+024C)
               not set up for use with LaTeX.

See the LaTeX manual or LaTeX Companion for explanation.
Type  H <return>  for immediate help.
 ...                                              
                                                  
l.578 ... .\ \ ,\ \underline{Ɍ} = {\underline{Ɍ}
                                                  }_{0}(t) + {\underline{Ɍ}...

You may provide a definition with
\DeclareUnicodeCharacter 


G:/work/Journal2LaTeX/backend/temp/07caaddf-7874-4f26-9a87-138693dc2d74/rendere
d/main.tex:578: LaTeX Error: Unicode character Ɍ (U+024C)
               not set up for use with LaTeX.

See the LaTeX manual or LaTeX Companion for explanation.
Type  H <return>  for immediate help.
 ...                                              
                                                  
l.578 ...{\underline{Ɍ}}_{0}(t) + {\underline{Ɍ}
                                                  }_{1}(t) + {\underline{Ɍ}...

You may provide a definition with
\DeclareUnicodeCharacter 


G:/work/Journal2LaTeX/backend/temp/07caaddf-7874-4f26-9a87-138693dc2d74/rendere
d/main.tex:578: LaTeX Error: Unicode character Ɍ (U+024C)
               not set up for use with LaTeX.

See the LaTeX manual or LaTeX Companion for explanation.
Type  H <return>  for immediate help.
 ...                                              
                                                  
l.578 ...{\underline{Ɍ}}_{1}(t) + {\underline{Ɍ}
                                                  }_{2}(t) + \ .\ \ .\ \ .\ ...

You may provide a definition with
\DeclareUnicodeCharacter 


LaTeX Warning: Command \c invalid in math mode on input line 592.


LaTeX Warning: Command \c invalid in math mode on input line 592.


LaTeX Warning: Command \c invalid in math mode on input line 592.


G:/work/Journal2LaTeX/backend/temp/07caaddf-7874-4f26-9a87-138693dc2d74/rendere
d/main.tex:592: LaTeX Error: Unicode character Ө (U+04E8)
               not set up for use with LaTeX.

See the LaTeX manual or LaTeX Companion for explanation.
Type  H <return>  for immediate help.
 ...                                              
                                                  
l.592 ...\beta_{2}}\ ŞN - \left( \ \widetilde{Ө}
                                                   + \widetilde{\mu\ } \righ...

You may provide a definition with
\DeclareUnicodeCharacter 


G:/work/Journal2LaTeX/backend/temp/07caaddf-7874-4f26-9a87-138693dc2d74/rendere
d/main.tex:592: LaTeX Error: Unicode character Ө (U+04E8)
               not set up for use with LaTeX.

See the LaTeX manual or LaTeX Companion for explanation.
Type  H <return>  for immediate help.
 ...                                              
                                                  
l.592 ...\beta_{2}}\ ŞN - \left( \ \widetilde{Ө}
                                                   + \widetilde{\mu\ } \righ...

You may provide a definition with
\DeclareUnicodeCharacter 


LaTeX Warning: Command \c invalid in math mode on input line 592.


LaTeX Warning: Command \c invalid in math mode on input line 592.


LaTeX Warning: Command \c invalid in math mode on input line 594.


LaTeX Warning: Command \c invalid in math mode on input line 596.


G:/work/Journal2LaTeX/backend/temp/07caaddf-7874-4f26-9a87-138693dc2d74/rendere
d/main.tex:598: LaTeX Error: Unicode character ₳ (U+20B3)
               not set up for use with LaTeX.

See the LaTeX manual or LaTeX Companion for explanation.
Type  H <return>  for immediate help.
 ...                                              
                                                  
l.598 \(0FFCD_{t}^{\vartheta}\ ₳
                                   = \widetilde{\delta_{1}}M + \widetilde{\d...

You may provide a definition with
\DeclareUnicodeCharacter 


G:/work/Journal2LaTeX/backend/temp/07caaddf-7874-4f26-9a87-138693dc2d74/rendere
d/main.tex:598: LaTeX Error: Unicode character ₳ (U+20B3)
               not set up for use with LaTeX.

See the LaTeX manual or LaTeX Companion for explanation.
Type  H <return>  for immediate help.
 ...                                              
                                                  
l.598 ...silon_{3}} + \widetilde{\mu\ } \right)₳
                                                   + u_{1}(t)(M + N) - u_{3}...

You may provide a definition with
\DeclareUnicodeCharacter 


G:/work/Journal2LaTeX/backend/temp/07caaddf-7874-4f26-9a87-138693dc2d74/rendere
d/main.tex:598: LaTeX Error: Unicode character ₳ (U+20B3)
               not set up for use with LaTeX.

See the LaTeX manual or LaTeX Companion for explanation.
Type  H <return>  for immediate help.
 ...                                              
                                                  
l.598 ...right)₳ + u_{1}(t)(M + N) - u_{3}(t)₳
                                                  \)
You may provide a definition with
\DeclareUnicodeCharacter 


G:/work/Journal2LaTeX/backend/temp/07caaddf-7874-4f26-9a87-138693dc2d74/rendere
d/main.tex:600: LaTeX Error: Unicode character ƚ (U+019A)
               not set up for use with LaTeX.

See the LaTeX manual or LaTeX Companion for explanation.
Type  H <return>  for immediate help.
 ...                                              
                                                  
l.600 \(0FFCD_{t}^{\vartheta}ƚ
                                = \widetilde{Ө}Ş - \left( \widetilde{\Upsi...

You may provide a definition with
\DeclareUnicodeCharacter 


G:/work/Journal2LaTeX/backend/temp/07caaddf-7874-4f26-9a87-138693dc2d74/rendere
d/main.tex:600: LaTeX Error: Unicode character Ө (U+04E8)
               not set up for use with LaTeX.

See the LaTeX manual or LaTeX Companion for explanation.
Type  H <return>  for immediate help.
 ...                                              
                                                  
l.600 \(0FFCD_{t}^{\vartheta}ƚ = \widetilde{Ө}
                                                Ş - \left( \widetilde{\Upsi...

You may provide a definition with
\DeclareUnicodeCharacter 


G:/work/Journal2LaTeX/backend/temp/07caaddf-7874-4f26-9a87-138693dc2d74/rendere
d/main.tex:600: LaTeX Error: Unicode character Ө (U+04E8)
               not set up for use with LaTeX.

See the LaTeX manual or LaTeX Companion for explanation.
Type  H <return>  for immediate help.
 ...                                              
                                                  
l.600 \(0FFCD_{t}^{\vartheta}ƚ = \widetilde{Ө}
                                                Ş - \left( \widetilde{\Upsi...

You may provide a definition with
\DeclareUnicodeCharacter 


LaTeX Warning: Command \c invalid in math mode on input line 600.


G:/work/Journal2LaTeX/backend/temp/07caaddf-7874-4f26-9a87-138693dc2d74/rendere
d/main.tex:600: LaTeX Error: Unicode character ƚ (U+019A)
               not set up for use with LaTeX.

See the LaTeX manual or LaTeX Companion for explanation.
Type  H <return>  for immediate help.
 ...                                              
                                                  
l.600 ...psilon_{4}} + \widetilde{\mu\ } \right)ƚ
                                                   + u_{2}(t)Ş\)
You may provide a definition with
\DeclareUnicodeCharacter 


LaTeX Warning: Command \c invalid in math mode on input line 600.


G:/work/Journal2LaTeX/backend/temp/07caaddf-7874-4f26-9a87-138693dc2d74/rendere
d/main.tex:602: LaTeX Error: Unicode character Ɍ (U+024C)
               not set up for use with LaTeX.

See the LaTeX manual or LaTeX Companion for explanation.
Type  H <return>  for immediate help.
 ...                                              
                                                  
l.602 \(0FFCD_{t}^{\vartheta}\ Ɍ
                                  = \widetilde{\Upsilon_{1}}M + \widetilde{\...

You may provide a definition with
\DeclareUnicodeCharacter 


G:/work/Journal2LaTeX/backend/temp/07caaddf-7874-4f26-9a87-138693dc2d74/rendere
d/main.tex:602: LaTeX Error: Unicode character ₳ (U+20B3)
               not set up for use with LaTeX.

See the LaTeX manual or LaTeX Companion for explanation.
Type  H <return>  for immediate help.
 ...                                              
                                                  
l.602 ...silon_{2}}N + \widetilde{\Upsilon_{3}}₳
                                                   + \widetilde{\Upsilon_{4}...

You may provide a definition with
\DeclareUnicodeCharacter 


G:/work/Journal2LaTeX/backend/temp/07caaddf-7874-4f26-9a87-138693dc2d74/rendere
d/main.tex:602: LaTeX Error: Unicode character ƚ (U+019A)
               not set up for use with LaTeX.

See the LaTeX manual or LaTeX Companion for explanation.
Type  H <return>  for immediate help.
 ...                                              
                                                  
l.602 ...ilon_{3}}₳ + \widetilde{\Upsilon_{4}}ƚ
                                                   - \widetilde{\mu\ }Ɍ + u...

You may provide a definition with
\DeclareUnicodeCharacter 


G:/work/Journal2LaTeX/backend/temp/07caaddf-7874-4f26-9a87-138693dc2d74/rendere
d/main.tex:602: LaTeX Error: Unicode character Ɍ (U+024C)
               not set up for use with LaTeX.

See the LaTeX manual or LaTeX Companion for explanation.
Type  H <return>  for immediate help.
 ...                                              
                                                  
l.602 ...lde{\Upsilon_{4}}ƚ - \widetilde{\mu\ }Ɍ
                                                   + u_{3}(t)₳\)
You may provide a definition with
\DeclareUnicodeCharacter 


G:/work/Journal2LaTeX/backend/temp/07caaddf-7874-4f26-9a87-138693dc2d74/rendere
d/main.tex:602: LaTeX Error: Unicode character ₳ (U+20B3)
               not set up for use with LaTeX.

See the LaTeX manual or LaTeX Companion for explanation.
Type  H <return>  for immediate help.
 ...                                              
                                                  
l.602 ...4}}ƚ - \widetilde{\mu\ }Ɍ + u_{3}(t)₳
                                                  \)
You may provide a definition with
\DeclareUnicodeCharacter 


G:/work/Journal2LaTeX/backend/temp/07caaddf-7874-4f26-9a87-138693dc2d74/rendere
d/main.tex:608: LaTeX Error: Unicode character ₳ (U+20B3)
               not set up for use with LaTeX.

See the LaTeX manual or LaTeX Companion for explanation.
Type  H <return>  for immediate help.
 ...                                              
                                                  
l.608 ...eft( A_{1}M(t) + A_{2}\ N(t) + A_{3}\ ₳
                                                  (t) + \frac{C_{1}}{2}u_{1}...

You may provide a definition with
\DeclareUnicodeCharacter 

Package epstopdf Info: Source file: <logo7pt.eps>
(epstopdf)                    date: 2026-07-28 18:34:46
(epstopdf)                    size: 335242 bytes
(epstopdf)             Output file: <logo7pt-eps-converted-to.pdf>
(epstopdf)                    date: 2026-07-28 18:35:05
(epstopdf)                    size: 34205 bytes
(epstopdf)             Command: <miktex-epstopdf --outfile=logo7pt-eps-converte
d-to.pdf logo7pt.eps>
(epstopdf)             \includegraphics on input line 614.
Package epstopdf Info: Output file is already uptodate.
File: logo7pt-eps-converted-to.pdf Graphic file (type pdf)
<use logo7pt-eps-converted-to.pdf>
Package pdftex.def Info: logo7pt-eps-converted-to.pdf  used on input line 614.
(pdftex.def)             Requested size: 71.26605pt x 20.07494pt.

Overfull \hbox (53.38602pt too wide) has occurred while \output is active
[] [] \OT1/ptm/m/n/9 M. Ariyanatchi et al.: A Fractional Fuzzy Dynamical Model 
for Math-Phobia with Optimal Learning Intervention Strategies
 []

[8]

LaTeX Warning: Command \c invalid in math mode on input line 622.


LaTeX Warning: Command \c invalid in math mode on input line 622.


G:/work/Journal2LaTeX/backend/temp/07caaddf-7874-4f26-9a87-138693dc2d74/rendere
d/main.tex:622: LaTeX Error: Unicode character ₳ (U+20B3)
               not set up for use with LaTeX.

See the LaTeX manual or LaTeX Companion for explanation.
Type  H <return>  for immediate help.
 ...                                              
                                                  
l.622 ...\(M(0) = M_{0}\), \(N(0) = N_{0}\), \(₳
                                                  (0) = ₳_{0},\) \(ƚ(0) =...

You may provide a definition with
\DeclareUnicodeCharacter 


G:/work/Journal2LaTeX/backend/temp/07caaddf-7874-4f26-9a87-138693dc2d74/rendere
d/main.tex:622: LaTeX Error: Unicode character ₳ (U+20B3)
               not set up for use with LaTeX.

See the LaTeX manual or LaTeX Companion for explanation.
Type  H <return>  for immediate help.
 ...                                              
                                                  
l.622 ...M_{0}\), \(N(0) = N_{0}\), \(₳(0) = ₳
                                                  _{0},\) \(ƚ(0) = ƚ_{0}\)...

You may provide a definition with
\DeclareUnicodeCharacter 


G:/work/Journal2LaTeX/backend/temp/07caaddf-7874-4f26-9a87-138693dc2d74/rendere
d/main.tex:622: LaTeX Error: Unicode character ƚ (U+019A)
               not set up for use with LaTeX.

See the LaTeX manual or LaTeX Companion for explanation.
Type  H <return>  for immediate help.
 ...                                              
                                                  
l.622 ...(0) = N_{0}\), \(₳(0) = ₳_{0},\) \(ƚ
                                                  (0) = ƚ_{0}\), \(Ɍ(0) = ...

You may provide a definition with
\DeclareUnicodeCharacter 


G:/work/Journal2LaTeX/backend/temp/07caaddf-7874-4f26-9a87-138693dc2d74/rendere
d/main.tex:622: LaTeX Error: Unicode character ƚ (U+019A)
               not set up for use with LaTeX.

See the LaTeX manual or LaTeX Companion for explanation.
Type  H <return>  for immediate help.
 ...                                              
                                                  
l.622 ...{0}\), \(₳(0) = ₳_{0},\) \(ƚ(0) = ƚ
                                                  _{0}\), \(Ɍ(0) = Ɍ_{0}\).
You may provide a definition with
\DeclareUnicodeCharacter 


G:/work/Journal2LaTeX/backend/temp/07caaddf-7874-4f26-9a87-138693dc2d74/rendere
d/main.tex:622: LaTeX Error: Unicode character Ɍ (U+024C)
               not set up for use with LaTeX.

See the LaTeX manual or LaTeX Companion for explanation.
Type  H <return>  for immediate help.
 ...                                              
                                                  
l.622 ...(0) = ₳_{0},\) \(ƚ(0) = ƚ_{0}\), \(Ɍ
                                                  (0) = Ɍ_{0}\).
You may provide a definition with
\DeclareUnicodeCharacter 


G:/work/Journal2LaTeX/backend/temp/07caaddf-7874-4f26-9a87-138693dc2d74/rendere
d/main.tex:622: LaTeX Error: Unicode character Ɍ (U+024C)
               not set up for use with LaTeX.

See the LaTeX manual or LaTeX Companion for explanation.
Type  H <return>  for immediate help.
 ...                                              
                                                  
l.622 ...�_{0},\) \(ƚ(0) = ƚ_{0}\), \(Ɍ(0) = Ɍ
                                                  _{0}\).
You may provide a definition with
\DeclareUnicodeCharacter 


G:/work/Journal2LaTeX/backend/temp/07caaddf-7874-4f26-9a87-138693dc2d74/rendere
d/main.tex:626: LaTeX Error: Unicode character ₳ (U+20B3)
               not set up for use with LaTeX.

See the LaTeX manual or LaTeX Companion for explanation.
Type  H <return>  for immediate help.
 ...                                              
                                                  
l.626 \(H = A_{1}M(t) + A_{2}\ N(t) + A_{3}\ ₳
                                                (t) + \frac{C_{1}}{2}u_{1}^{...

You may provide a definition with
\DeclareUnicodeCharacter 


LaTeX Warning: Command \c invalid in math mode on input line 626.


LaTeX Warning: Command \c invalid in math mode on input line 626.


G:/work/Journal2LaTeX/backend/temp/07caaddf-7874-4f26-9a87-138693dc2d74/rendere
d/main.tex:626: LaTeX Error: Unicode character Ө (U+04E8)
               not set up for use with LaTeX.

See the LaTeX manual or LaTeX Companion for explanation.
Type  H <return>  for immediate help.
 ...                                              
                                                  
l.626 ...\beta_{2}}\ ŞN - \left( \ \widetilde{Ө}
                                                   + \widetilde{\mu\ } \righ...

You may provide a definition with
\DeclareUnicodeCharacter 


G:/work/Journal2LaTeX/backend/temp/07caaddf-7874-4f26-9a87-138693dc2d74/rendere
d/main.tex:626: LaTeX Error: Unicode character Ө (U+04E8)
               not set up for use with LaTeX.

See the LaTeX manual or LaTeX Companion for explanation.
Type  H <return>  for immediate help.
 ...                                              
                                                  
l.626 ...\beta_{2}}\ ŞN - \left( \ \widetilde{Ө}
                                                   + \widetilde{\mu\ } \righ...

You may provide a definition with
\DeclareUnicodeCharacter 


LaTeX Warning: Command \c invalid in math mode on input line 626.


LaTeX Warning: Command \c invalid in math mode on input line 626.


LaTeX Warning: Command \c invalid in math mode on input line 626.


LaTeX Warning: Command \c invalid in math mode on input line 626.


G:/work/Journal2LaTeX/backend/temp/07caaddf-7874-4f26-9a87-138693dc2d74/rendere
d/main.tex:626: LaTeX Error: Unicode character ₳ (U+20B3)
               not set up for use with LaTeX.

See the LaTeX manual or LaTeX Companion for explanation.
Type  H <return>  for immediate help.
 ...                                              
                                                  
l.626 ...silon_{3}} + \widetilde{\mu\ } \right)₳
                                                   + u_{1}(t)(M + N) - u_{3}...

You may provide a definition with
\DeclareUnicodeCharacter 


G:/work/Journal2LaTeX/backend/temp/07caaddf-7874-4f26-9a87-138693dc2d74/rendere
d/main.tex:626: LaTeX Error: Unicode character ₳ (U+20B3)
               not set up for use with LaTeX.

See the LaTeX manual or LaTeX Companion for explanation.
Type  H <return>  for immediate help.
 ...                                              
                                                  
l.626 ...right)₳ + u_{1}(t)(M + N) - u_{3}(t)₳
                                                   \right\rbrack\) \(+ \psi_...

You may provide a definition with
\DeclareUnicodeCharacter 


G:/work/Journal2LaTeX/backend/temp/07caaddf-7874-4f26-9a87-138693dc2d74/rendere
d/main.tex:626: LaTeX Error: Unicode character Ө (U+04E8)
               not set up for use with LaTeX.

See the LaTeX manual or LaTeX Companion for explanation.
Type  H <return>  for immediate help.
 ...                                              
                                                  
l.626 ...) \(+ \psi_{5}\left\lbrack \widetilde{Ө}
                                                  Ş - \left( \widetilde{\Up...

You may provide a definition with
\DeclareUnicodeCharacter 


G:/work/Journal2LaTeX/backend/temp/07caaddf-7874-4f26-9a87-138693dc2d74/rendere
d/main.tex:626: LaTeX Error: Unicode character Ө (U+04E8)
               not set up for use with LaTeX.

See the LaTeX manual or LaTeX Companion for explanation.
Type  H <return>  for immediate help.
 ...                                              
                                                  
l.626 ...) \(+ \psi_{5}\left\lbrack \widetilde{Ө}
                                                  Ş - \left( \widetilde{\Up...

You may provide a definition with
\DeclareUnicodeCharacter 


LaTeX Warning: Command \c invalid in math mode on input line 626.


G:/work/Journal2LaTeX/backend/temp/07caaddf-7874-4f26-9a87-138693dc2d74/rendere
d/main.tex:626: LaTeX Error: Unicode character ƚ (U+019A)
               not set up for use with LaTeX.

See the LaTeX manual or LaTeX Companion for explanation.
Type  H <return>  for immediate help.
 ...                                              
                                                  
l.626 ...psilon_{4}} + \widetilde{\mu\ } \right)ƚ
                                                   + u_{2}(t)Ş\ \right\rbra...

You may provide a definition with
\DeclareUnicodeCharacter 


LaTeX Warning: Command \c invalid in math mode on input line 626.


G:/work/Journal2LaTeX/backend/temp/07caaddf-7874-4f26-9a87-138693dc2d74/rendere
d/main.tex:626: LaTeX Error: Unicode character ₳ (U+20B3)
               not set up for use with LaTeX.

See the LaTeX manual or LaTeX Companion for explanation.
Type  H <return>  for immediate help.
 ...                                              
                                                  
l.626 ...silon_{2}}N + \widetilde{\Upsilon_{3}}₳
                                                   + \widetilde{\Upsilon_{4}...

You may provide a definition with
\DeclareUnicodeCharacter 


G:/work/Journal2LaTeX/backend/temp/07caaddf-7874-4f26-9a87-138693dc2d74/rendere
d/main.tex:626: LaTeX Error: Unicode character ƚ (U+019A)
               not set up for use with LaTeX.

See the LaTeX manual or LaTeX Companion for explanation.
Type  H <return>  for immediate help.
 ...                                              
                                                  
l.626 ...ilon_{3}}₳ + \widetilde{\Upsilon_{4}}ƚ
                                                   - \widetilde{\mu\ }Ɍ + u...

You may provide a definition with
\DeclareUnicodeCharacter 


G:/work/Journal2LaTeX/backend/temp/07caaddf-7874-4f26-9a87-138693dc2d74/rendere
d/main.tex:626: LaTeX Error: Unicode character Ɍ (U+024C)
               not set up for use with LaTeX.

See the LaTeX manual or LaTeX Companion for explanation.
Type  H <return>  for immediate help.
 ...                                              
                                                  
l.626 ...lde{\Upsilon_{4}}ƚ - \widetilde{\mu\ }Ɍ
                                                   + u_{3}(t)₳ \right\rbra...

You may provide a definition with
\DeclareUnicodeCharacter 


G:/work/Journal2LaTeX/backend/temp/07caaddf-7874-4f26-9a87-138693dc2d74/rendere
d/main.tex:626: LaTeX Error: Unicode character ₳ (U+20B3)
               not set up for use with LaTeX.

See the LaTeX manual or LaTeX Companion for explanation.
Type  H <return>  for immediate help.
 ...                                              
                                                  
l.626 ...4}}ƚ - \widetilde{\mu\ }Ɍ + u_{3}(t)₳
                                                   \right\rbrack\) (9)
You may provide a definition with
\DeclareUnicodeCharacter 


G:/work/Journal2LaTeX/backend/temp/07caaddf-7874-4f26-9a87-138693dc2d74/rendere
d/main.tex:630: LaTeX Error: Unicode character Ȿ (U+2C7E)
               not set up for use with LaTeX.

See the LaTeX manual or LaTeX Companion for explanation.
Type  H <return>  for immediate help.
 ...                                              
                                                  
l.630 ...},u_{3}^{*} \right)\) and solutions \(Ȿ
                                                  (t),M(t),N(t),₳(t),\ ƚ(...

You may provide a definition with
\DeclareUnicodeCharacter 


G:/work/Journal2LaTeX/backend/temp/07caaddf-7874-4f26-9a87-138693dc2d74/rendere
d/main.tex:630: LaTeX Error: Unicode character ₳ (U+20B3)
               not set up for use with LaTeX.

See the LaTeX manual or LaTeX Companion for explanation.
Type  H <return>  for immediate help.
 ...                                              
                                                  
l.630 ...t)\) and solutions \(Ȿ(t),M(t),N(t),₳
                                                  (t),\ ƚ(t),Ɍ(t)\) of the...

You may provide a definition with
\DeclareUnicodeCharacter 


G:/work/Journal2LaTeX/backend/temp/07caaddf-7874-4f26-9a87-138693dc2d74/rendere
d/main.tex:630: LaTeX Error: Unicode character ƚ (U+019A)
               not set up for use with LaTeX.

See the LaTeX manual or LaTeX Companion for explanation.
Type  H <return>  for immediate help.
 ...                                              
                                                  
l.630 ... solutions \(Ȿ(t),M(t),N(t),₳(t),\ ƚ
                                                  (t),Ɍ(t)\) of the state s...

You may provide a definition with
\DeclareUnicodeCharacter 


G:/work/Journal2LaTeX/backend/temp/07caaddf-7874-4f26-9a87-138693dc2d74/rendere
d/main.tex:630: LaTeX Error: Unicode character Ɍ (U+024C)
               not set up for use with LaTeX.

See the LaTeX manual or LaTeX Companion for explanation.
Type  H <return>  for immediate help.
 ...                                              
                                                  
l.630 ...ions \(Ȿ(t),M(t),N(t),₳(t),\ ƚ(t),Ɍ
                                                  (t)\) of the state system ...

You may provide a definition with
\DeclareUnicodeCharacter 


G:/work/Journal2LaTeX/backend/temp/07caaddf-7874-4f26-9a87-138693dc2d74/rendere
d/main.tex:632: LaTeX Error: Unicode character Ȿ (U+2C7E)
               not set up for use with LaTeX.

See the LaTeX manual or LaTeX Companion for explanation.
Type  H <return>  for immediate help.
 ...                                              
                                                  
l.632 ..._{1}' = - \frac{\partial H}{\partial Ȿ}
                                                  (t) = \psi_{1}\left\lbrack...

You may provide a definition with
\DeclareUnicodeCharacter 


G:/work/Journal2LaTeX/backend/temp/07caaddf-7874-4f26-9a87-138693dc2d74/rendere
d/main.tex:632: LaTeX Error: Unicode character Ө (U+04E8)
               not set up for use with LaTeX.

See the LaTeX manual or LaTeX Companion for explanation.
Type  H <return>  for immediate help.
 ...                                              
                                                  
l.632 ...lde{\beta_{2}}N + \left( \ \widetilde{Ө}
                                                   + \widetilde{\mu\ } \righ...

You may provide a definition with
\DeclareUnicodeCharacter 


G:/work/Journal2LaTeX/backend/temp/07caaddf-7874-4f26-9a87-138693dc2d74/rendere
d/main.tex:632: LaTeX Error: Unicode character Ө (U+04E8)
               not set up for use with LaTeX.

See the LaTeX manual or LaTeX Companion for explanation.
Type  H <return>  for immediate help.
 ...                                              
                                                  
l.632 ...lde{\beta_{2}}N + \left( \ \widetilde{Ө}
                                                   + \widetilde{\mu\ } \righ...

You may provide a definition with
\DeclareUnicodeCharacter 


LaTeX Warning: Command \k invalid in math mode on input line 634.


G:/work/Journal2LaTeX/backend/temp/07caaddf-7874-4f26-9a87-138693dc2d74/rendere
d/main.tex:634: LaTeX Error: Command \k unavailable in encoding OT1.

See the LaTeX manual or LaTeX Companion for explanation.
Type  H <return>  for immediate help.
 ...                                              
                                                  
l.634 ...2}'(t) = - \frac{\partial H}{\partial Ę}
                                                  (t) = - A_{1}\)+\(\psi_{1}...

Your command was ignored.
Type  I <command> <return>  to replace it with another command,
or  <return>  to continue without it.


LaTeX Warning: Command \c invalid in math mode on input line 634.


LaTeX Warning: Command \c invalid in math mode on input line 634.


LaTeX Warning: Command \c invalid in math mode on input line 636.


LaTeX Warning: Command \c invalid in math mode on input line 636.

G:/work/Journal2LaTeX/backend/temp/07caaddf-7874-4f26-9a87-138693dc2d74/rendere
d/main.tex:637: Missing $ inserted.
<inserted text> 
                $
l.637 
      
I've inserted a begin-math/end-math symbol since I think
you left one out. Proceed, with fingers crossed.


G:/work/Journal2LaTeX/backend/temp/07caaddf-7874-4f26-9a87-138693dc2d74/rendere
d/main.tex:638: LaTeX Error: Unicode character ₳ (U+20B3)
               not set up for use with LaTeX.

See the LaTeX manual or LaTeX Companion for explanation.
Type  H <return>  for immediate help.
 ...                                              
                                                  
l.638 ...}'(t) = - \frac{\partial H}{\partial ₳}
                                                  (t) = - A_{3}\) \(+ \psi_{...

You may provide a definition with
\DeclareUnicodeCharacter 


G:/work/Journal2LaTeX/backend/temp/07caaddf-7874-4f26-9a87-138693dc2d74/rendere
d/main.tex:640: LaTeX Error: Unicode character ƚ (U+019A)
               not set up for use with LaTeX.

See the LaTeX manual or LaTeX Companion for explanation.
Type  H <return>  for immediate help.
 ...                                              
                                                  
l.640 ...5}'(t) = - \frac{\partial H}{\partial ƚ}
                                                  (t) = \psi_{5}\left( \wide...

You may provide a definition with
\DeclareUnicodeCharacter 


G:/work/Journal2LaTeX/backend/temp/07caaddf-7874-4f26-9a87-138693dc2d74/rendere
d/main.tex:642: LaTeX Error: Unicode character Ɍ (U+024C)
               not set up for use with LaTeX.

See the LaTeX manual or LaTeX Companion for explanation.
Type  H <return>  for immediate help.
 ...                                              
                                                  
l.642 ...6}'(t) = - \frac{\partial H}{\partial Ɍ}
                                                  (t) =\) \(\psi_{6}\widetil...

You may provide a definition with
\DeclareUnicodeCharacter 


G:/work/Journal2LaTeX/backend/temp/07caaddf-7874-4f26-9a87-138693dc2d74/rendere
d/main.tex:654: LaTeX Error: Unicode character Ȿ (U+2C7E)
               not set up for use with LaTeX.

See the LaTeX manual or LaTeX Companion for explanation.
Type  H <return>  for immediate help.
 ...                                              
                                                  
l.654 ...partial u_{2}} = C_{2}u_{2} - \psi_{1}Ȿ
                                                   + \psi_{5}Ȿ = 0\),
You may provide a definition with
\DeclareUnicodeCharacter 


G:/work/Journal2LaTeX/backend/temp/07caaddf-7874-4f26-9a87-138693dc2d74/rendere
d/main.tex:654: LaTeX Error: Unicode character Ȿ (U+2C7E)
               not set up for use with LaTeX.

See the LaTeX manual or LaTeX Companion for explanation.
Type  H <return>  for immediate help.
 ...                                              
                                                  
l.654 ... = C_{2}u_{2} - \psi_{1}Ȿ + \psi_{5}Ȿ
                                                   = 0\),
You may provide a definition with
\DeclareUnicodeCharacter 


G:/work/Journal2LaTeX/backend/temp/07caaddf-7874-4f26-9a87-138693dc2d74/rendere
d/main.tex:656: LaTeX Error: Unicode character ₳ (U+20B3)
               not set up for use with LaTeX.

See the LaTeX manual or LaTeX Companion for explanation.
Type  H <return>  for immediate help.
 ...                                              
                                                  
l.656 ...partial u_{3}} = C_{3}u_{3} - \psi_{4}₳
                                                   - \psi_{6}₳ = 0\)
You may provide a definition with
\DeclareUnicodeCharacter 


G:/work/Journal2LaTeX/backend/temp/07caaddf-7874-4f26-9a87-138693dc2d74/rendere
d/main.tex:656: LaTeX Error: Unicode character ₳ (U+20B3)
               not set up for use with LaTeX.

See the LaTeX manual or LaTeX Companion for explanation.
Type  H <return>  for immediate help.
 ...                                              
                                                  
l.656 ... = C_{3}u_{3} - \psi_{4}₳ - \psi_{6}₳
                                                   = 0\)
You may provide a definition with
\DeclareUnicodeCharacter 


LaTeX Warning: Command \c invalid in math mode on input line 660.


G:/work/Journal2LaTeX/backend/temp/07caaddf-7874-4f26-9a87-138693dc2d74/rendere
d/main.tex:660: LaTeX Error: Unicode character ₳ (U+20B3)
               not set up for use with LaTeX.

See the LaTeX manual or LaTeX Companion for explanation.
Type  H <return>  for immediate help.
 ...                                              
                                                  
l.660 ...t( \psi_{4} - \psi_{6} \right)₳}{C_{3}}
                                                   \right\} \right\}\\)
You may provide a definition with
\DeclareUnicodeCharacter 

G:/work/Journal2LaTeX/backend/temp/07caaddf-7874-4f26-9a87-138693dc2d74/rendere
d/main.tex:661: Missing $ inserted.
<inserted text> 
                $
l.661 
      
I've inserted a begin-math/end-math symbol since I think
you left one out. Proceed, with fingers crossed.


LaTeX Warning: Reference `LastPage' on page 9 undefined on input line 674.

Package epstopdf Info: Source file: <logo7pt.eps>
(epstopdf)                    date: 2026-07-28 18:34:46
(epstopdf)                    size: 335242 bytes
(epstopdf)             Output file: <logo7pt-eps-converted-to.pdf>
(epstopdf)                    date: 2026-07-28 18:35:05
(epstopdf)                    size: 34205 bytes
(epstopdf)             Command: <miktex-epstopdf --outfile=logo7pt-eps-converte
d-to.pdf logo7pt.eps>
(epstopdf)             \includegraphics on input line 674.
Package epstopdf Info: Output file is already uptodate.
File: logo7pt-eps-converted-to.pdf Graphic file (type pdf)
<use logo7pt-eps-converted-to.pdf>
Package pdftex.def Info: logo7pt-eps-converted-to.pdf  used on input line 674.
(pdftex.def)             Requested size: 71.26605pt x 20.07494pt.
[9]
<media/image1.png, id=63, 780.9175pt x 642.4pt>
File: media/image1.png Graphic file (type png)
<use media/image1.png>
Package pdftex.def Info: media/image1.png  used on input line 683.
(pdftex.def)             Requested size: 430.00641pt x 264.38553pt.
LaTeX Font Info:    Font shape `OT1/ptm/bx/n' in size <10> not available
(Font)              Font shape `OT1/ptm/b/n' tried instead on input line 685.
LaTeX Font Info:    Font shape `OT1/ptm/bx/n' in size <7.4> not available
(Font)              Font shape `OT1/ptm/b/n' tried instead on input line 685.


LaTeX Warning: Command \c invalid in math mode on input line 685.


LaTeX Warning: Command \c invalid in math mode on input line 685.

<media/image2.png, id=65, 749.80125pt x 627.34375pt>
File: media/image2.png Graphic file (type png)
<use media/image2.png>
Package pdftex.def Info: media/image2.png  used on input line 693.
(pdftex.def)             Requested size: 420.20619pt x 275.10356pt.

Underfull \vbox (badness 10000) has occurred while \output is active []

Package epstopdf Info: Source file: <logo7pt.eps>
(epstopdf)                    date: 2026-07-28 18:34:46
(epstopdf)                    size: 335242 bytes
(epstopdf)             Output file: <logo7pt-eps-converted-to.pdf>
(epstopdf)                    date: 2026-07-28 18:35:05
(epstopdf)                    size: 34205 bytes
(epstopdf)             Command: <miktex-epstopdf --outfile=logo7pt-eps-converte
d-to.pdf logo7pt.eps>
(epstopdf)             \includegraphics on input line 696.
Package epstopdf Info: Output file is already uptodate.
File: logo7pt-eps-converted-to.pdf Graphic file (type pdf)
<use logo7pt-eps-converted-to.pdf>
Package pdftex.def Info: logo7pt-eps-converted-to.pdf  used on input line 696.
(pdftex.def)             Requested size: 71.26605pt x 20.07494pt.

Overfull \hbox (53.38602pt too wide) has occurred while \output is active
[] [] \OT1/ptm/m/n/9 M. Ariyanatchi et al.: A Fractional Fuzzy Dynamical Model 
for Math-Phobia with Optimal Learning Intervention Strategies
 []

[10 <./media/image1.png>]
<media/image3.png, id=72, 777.90625pt x 639.38875pt>
File: media/image3.png Graphic file (type png)
<use media/image3.png>
Package pdftex.def Info: media/image3.png  used on input line 703.
(pdftex.def)             Requested size: 417.47548pt x 242.70682pt.
<media/image4.png, id=73, 755.82375pt x 639.38875pt>
File: media/image4.png Graphic file (type png)
<use media/image4.png>
Package pdftex.def Info: media/image4.png  used on input line 713.
(pdftex.def)             Requested size: 388.45204pt x 234.2774pt.


G:/work/Journal2LaTeX/backend/temp/07caaddf-7874-4f26-9a87-138693dc2d74/rendere
d/main.tex:715: LaTeX Error: Unicode character ₳ (U+20B3)
               not set up for use with LaTeX.

See the LaTeX manual or LaTeX Companion for explanation.
Type  H <return>  for immediate help.
 ...                                              
                                                  
l.715 ...istinct fractional orders \(\vartheta\).}
                                                  
You may provide a definition with
\DeclareUnicodeCharacter 


G:/work/Journal2LaTeX/backend/temp/07caaddf-7874-4f26-9a87-138693dc2d74/rendere
d/main.tex:715: LaTeX Error: Unicode character ₳ (U+20B3)
               not set up for use with LaTeX.

See the LaTeX manual or LaTeX Companion for explanation.
Type  H <return>  for immediate help.
 ...                                              
                                                  
l.715 ...istinct fractional orders \(\vartheta\).}
                                                  
You may provide a definition with
\DeclareUnicodeCharacter 


Underfull \vbox (badness 10000) has occurred while \output is active []



LaTeX Warning: Reference `LastPage' on page 11 undefined on input line 716.

Package epstopdf Info: Source file: <logo7pt.eps>
(epstopdf)                    date: 2026-07-28 18:34:46
(epstopdf)                    size: 335242 bytes
(epstopdf)             Output file: <logo7pt-eps-converted-to.pdf>
(epstopdf)                    date: 2026-07-28 18:35:05
(epstopdf)                    size: 34205 bytes
(epstopdf)             Command: <miktex-epstopdf --outfile=logo7pt-eps-converte
d-to.pdf logo7pt.eps>
(epstopdf)             \includegraphics on input line 716.
Package epstopdf Info: Output file is already uptodate.
File: logo7pt-eps-converted-to.pdf Graphic file (type pdf)
<use logo7pt-eps-converted-to.pdf>
Package pdftex.def Info: logo7pt-eps-converted-to.pdf  used on input line 716.
(pdftex.def)             Requested size: 71.26605pt x 20.07494pt.
[11 <./media/image2.png> <./media/image3.png>]
<media/image5.png, id=83, 734.745pt x 625.33624pt>
File: media/image5.png Graphic file (type png)
<use media/image5.png>
Package pdftex.def Info: media/image5.png  used on input line 723.
(pdftex.def)             Requested size: 408.37128pt x 235.49286pt.


G:/work/Journal2LaTeX/backend/temp/07caaddf-7874-4f26-9a87-138693dc2d74/rendere
d/main.tex:725: LaTeX Error: Unicode character ƚ (U+019A)
               not set up for use with LaTeX.

See the LaTeX manual or LaTeX Companion for explanation.
Type  H <return>  for immediate help.
 ...                                              
                                                  
l.725 ...)across fractional orders \(\vartheta\).}
                                                  
You may provide a definition with
\DeclareUnicodeCharacter 


G:/work/Journal2LaTeX/backend/temp/07caaddf-7874-4f26-9a87-138693dc2d74/rendere
d/main.tex:725: LaTeX Error: Bad math environment delimiter.

See the LaTeX manual or LaTeX Companion for explanation.
Type  H <return>  for immediate help.
 ...                                              
                                                  
l.725 ...)across fractional orders \(\vartheta\).}
                                                  
Your command was ignored.
Type  I <command> <return>  to replace it with another command,
or  <return>  to continue without it.


G:/work/Journal2LaTeX/backend/temp/07caaddf-7874-4f26-9a87-138693dc2d74/rendere
d/main.tex:725: LaTeX Error: Unicode character ƚ (U+019A)
               not set up for use with LaTeX.

See the LaTeX manual or LaTeX Companion for explanation.
Type  H <return>  for immediate help.
 ...                                              
                                                  
l.725 ...)across fractional orders \(\vartheta\).}
                                                  
You may provide a definition with
\DeclareUnicodeCharacter 


G:/work/Journal2LaTeX/backend/temp/07caaddf-7874-4f26-9a87-138693dc2d74/rendere
d/main.tex:725: LaTeX Error: There's no line here to end.

See the LaTeX manual or LaTeX Companion for explanation.
Type  H <return>  for immediate help.
 ...                                              
                                                  
l.725 ...)across fractional orders \(\vartheta\).}
                                                  
Your command was ignored.
Type  I <command> <return>  to replace it with another command,
or  <return>  to continue without it.

G:/work/Journal2LaTeX/backend/temp/07caaddf-7874-4f26-9a87-138693dc2d74/rendere
d/main.tex:725: Missing $ inserted.
<inserted text> 
                $
l.725 ...)across fractional orders \(\vartheta\).}
                                                  
I've inserted a begin-math/end-math symbol since I think
you left one out. Proceed, with fingers crossed.

<media/image6.png, id=84, 748.7975pt x 633.36626pt>
File: media/image6.png Graphic file (type png)
<use media/image6.png>
Package pdftex.def Info: media/image6.png  used on input line 733.
(pdftex.def)             Requested size: 397.52347pt x 221.64285pt.

G:/work/Journal2LaTeX/backend/temp/07caaddf-7874-4f26-9a87-138693dc2d74/rendere
d/main.tex:735: LaTeX Error: Unicode character Ɍ (U+024C)
               not set up for use with LaTeX.

See the LaTeX manual or LaTeX Companion for explanation.
Type  H <return>  for immediate help.
 ...                                              
                                                  
l.735 ...enced by fractional order \(\vartheta\).}
                                                  
You may provide a definition with
\DeclareUnicodeCharacter 


G:/work/Journal2LaTeX/backend/temp/07caaddf-7874-4f26-9a87-138693dc2d74/rendere
d/main.tex:735: LaTeX Error: Unicode character Ɍ (U+024C)
               not set up for use with LaTeX.

See the LaTeX manual or LaTeX Companion for explanation.
Type  H <return>  for immediate help.
 ...                                              
                                                  
l.735 ...enced by fractional order \(\vartheta\).}
                                                  
You may provide a definition with
\DeclareUnicodeCharacter 


Underfull \vbox (badness 10000) has occurred while \output is active []

Package epstopdf Info: Source file: <logo7pt.eps>
(epstopdf)                    date: 2026-07-28 18:34:46
(epstopdf)                    size: 335242 bytes
(epstopdf)             Output file: <logo7pt-eps-converted-to.pdf>
(epstopdf)                    date: 2026-07-28 18:35:05
(epstopdf)                    size: 34205 bytes
(epstopdf)             Command: <miktex-epstopdf --outfile=logo7pt-eps-converte
d-to.pdf logo7pt.eps>
(epstopdf)             \includegraphics on input line 736.
Package epstopdf Info: Output file is already uptodate.
File: logo7pt-eps-converted-to.pdf Graphic file (type pdf)
<use logo7pt-eps-converted-to.pdf>
Package pdftex.def Info: logo7pt-eps-converted-to.pdf  used on input line 736.
(pdftex.def)             Requested size: 71.26605pt x 20.07494pt.

Overfull \hbox (53.38602pt too wide) has occurred while \output is active
[] [] \OT1/ptm/m/n/9 M. Ariyanatchi et al.: A Fractional Fuzzy Dynamical Model 
for Math-Phobia with Optimal Learning Intervention Strategies
 []

[12 <./media/image4.png> <./media/image5.png>]

LaTeX Warning: Reference `LastPage' on page 13 undefined on input line 757.

Package epstopdf Info: Source file: <logo7pt.eps>
(epstopdf)                    date: 2026-07-28 18:34:46
(epstopdf)                    size: 335242 bytes
(epstopdf)             Output file: <logo7pt-eps-converted-to.pdf>
(epstopdf)                    date: 2026-07-28 18:35:05
(epstopdf)                    size: 34205 bytes
(epstopdf)             Command: <miktex-epstopdf --outfile=logo7pt-eps-converte
d-to.pdf logo7pt.eps>
(epstopdf)             \includegraphics on input line 757.
Package epstopdf Info: Output file is already uptodate.
File: logo7pt-eps-converted-to.pdf Graphic file (type pdf)
<use logo7pt-eps-converted-to.pdf>
Package pdftex.def Info: logo7pt-eps-converted-to.pdf  used on input line 757.
(pdftex.def)             Requested size: 71.26605pt x 20.07494pt.
[13 <./media/image6.png>]
Package epstopdf Info: Source file: <logo7pt.eps>
(epstopdf)                    date: 2026-07-28 18:34:46
(epstopdf)                    size: 335242 bytes
(epstopdf)             Output file: <logo7pt-eps-converted-to.pdf>
(epstopdf)                    date: 2026-07-28 18:35:05
(epstopdf)                    size: 34205 bytes
(epstopdf)             Command: <miktex-epstopdf --outfile=logo7pt-eps-converte
d-to.pdf logo7pt.eps>
(epstopdf)             \includegraphics on input line 767.
Package epstopdf Info: Output file is already uptodate.
File: logo7pt-eps-converted-to.pdf Graphic file (type pdf)
<use logo7pt-eps-converted-to.pdf>
Package pdftex.def Info: logo7pt-eps-converted-to.pdf  used on input line 767.
(pdftex.def)             Requested size: 71.26605pt x 20.07494pt.

Overfull \hbox (53.38602pt too wide) has occurred while \output is active
[] [] \OT1/ptm/m/n/9 M. Ariyanatchi et al.: A Fractional Fuzzy Dynamical Model 
for Math-Phobia with Optimal Learning Intervention Strategies
 []

[14] 
enddocument/afterlastpage (AED): lastpage setting LastPage.
(main.aux)
 ***********
LaTeX2e <2026-06-01>
L3 programming layer <2026-06-18>
 ***********


LaTeX Warning: There were undefined references.


LaTeX Warning: Label(s) may have changed. Rerun to get cross-references right.


Package rerunfilecheck Warning: File `main.out' has changed.
(rerunfilecheck)                Rerun to get outlines right
(rerunfilecheck)                or use package `bookmark'.

Package rerunfilecheck Info: Checksums for `main.out':
(rerunfilecheck)             Before: <no file>
(rerunfilecheck)             After:  D41D8CD98F00B204E9800998ECF8427E;0.

Package lastpage Warning: Rerun to get the references right on input line 767.

 ) 
Here is how much of TeX's memory you used:
 13755 strings out of 467510
 219638 string characters out of 5409281
 691581 words of memory out of 5000000
 42723 multiletter control sequences out of 15000+600000
 690200 words of font info for 171 fonts, out of 8000000 for 9000
 1141 hyphenation exceptions out of 8191
 89i,18n,93p,1378b,533s stack positions out of 10000i,1000n,20000p,200000b,200000s
<C:/Users/asus/AppData/Local/Programs/MiKTeX/fonts/type1/public/amsfonts/cm/c
mex10.pfb><C:/Users/asus/AppData/Local/Programs/MiKTeX/fonts/type1/public/amsfo
nts/cm/cmmi10.pfb><C:/Users/asus/AppData/Local/Programs/MiKTeX/fonts/type1/publ
ic/amsfonts/cm/cmr10.pfb><C:/Users/asus/AppData/Local/Programs/MiKTeX/fonts/typ
e1/public/amsfonts/cm/cmsy10.pfb><C:/Users/asus/AppData/Local/Programs/MiKTeX/f
onts/type1/urw/helvetic/uhvb8a.pfb><C:/Users/asus/AppData/Local/Programs/MiKTeX
/fonts/type1/urw/symbol/usyr.pfb><C:/Users/asus/AppData/Local/Programs/MiKTeX/f
onts/type1/urw/symbol/usyr.pfb><C:/Users/asus/AppData/Local/Programs/MiKTeX/fon
ts/type1/urw/times/utmb8a.pfb><C:/Users/asus/AppData/Local/Programs/MiKTeX/font
s/type1/urw/times/utmr8a.pfb><C:/Users/asus/AppData/Local/Programs/MiKTeX/fonts
/type1/urw/times/utmri8a.pfb>
Output written on main.pdf (14 pages, 340298 bytes).
PDF statistics:
 177 PDF objects out of 1000 (max. 8388607)
 40 named destinations out of 1000 (max. 500000)
 36 words of extra memory for PDF output out of 10000 (max. 10000000)

